Start time,End time,ID,Val
25/02/2008 00:20,25/02/2008 00:22,24,1
25/02/2008 09:33,25/02/2008 09:33,24,1
25/02/2008 09:33,25/02/2008 17:21,24,1
25/02/2008 09:36,25/02/2008 09:37,5,1
25/02/2008 09:37,25/02/2008 09:37,6,1
25/02/2008 09:37,25/02/2008 09:37,14,1
25/02/2008 09:37,25/02/2008 09:37,14,1
25/02/2008 09:37,25/02/2008 09:38,6,1
25/02/2008 09:49,25/02/2008 09:49,9,1
25/02/2008 09:49,25/02/2008 09:49,9,1
25/02/2008 09:49,25/02/2008 09:49,8,1
25/02/2008 09:49,25/02/2008 09:49,8,1
25/02/2008 09:49,25/02/2008 09:50,1,1
25/02/2008 09:50,25/02/2008 09:50,23,1
25/02/2008 09:52,25/02/2008 09:53,1,1
25/02/2008 09:53,25/02/2008 09:53,23,1
25/02/2008 09:57,25/02/2008 10:01,13,1
25/02/2008 09:57,25/02/2008 09:58,9,1
25/02/2008 09:58,25/02/2008 09:58,18,1
25/02/2008 09:59,25/02/2008 09:59,7,1
25/02/2008 10:00,25/02/2008 10:00,9,1
25/02/2008 10:02,25/02/2008 10:02,5,1
25/02/2008 10:10,25/02/2008 10:10,5,1
25/02/2008 10:10,25/02/2008 17:00,5,1
25/02/2008 10:19,25/02/2008 10:19,12,1
25/02/2008 16:54,25/02/2008 16:54,12,1
25/02/2008 16:59,25/02/2008 16:59,8,1
25/02/2008 16:59,25/02/2008 16:59,23,1
25/02/2008 16:59,25/02/2008 16:59,8,1
25/02/2008 17:00,25/02/2008 17:00,6,1
25/02/2008 17:01,25/02/2008 17:01,14,1
25/02/2008 17:01,25/02/2008 17:01,6,1
25/02/2008 17:17,25/02/2008 17:17,18,1
25/02/2008 17:17,25/02/2008 17:17,18,1
25/02/2008 17:17,25/02/2008 17:17,18,1
25/02/2008 17:19,25/02/2008 17:19,12,1
25/02/2008 17:22,25/02/2008 17:22,18,1
25/02/2008 17:55,25/02/2008 17:55,8,1
25/02/2008 17:55,25/02/2008 17:55,8,1
25/02/2008 17:55,25/02/2008 17:55,7,1
25/02/2008 17:55,25/02/2008 17:55,7,1
25/02/2008 17:55,25/02/2008 17:55,7,1
25/02/2008 17:55,25/02/2008 17:55,8,1
25/02/2008 17:55,25/02/2008 17:55,8,1
25/02/2008 18:31,25/02/2008 18:32,6,1
25/02/2008 18:32,25/02/2008 18:32,6,1
25/02/2008 18:33,25/02/2008 18:33,14,1
25/02/2008 18:33,25/02/2008 18:33,6,1
25/02/2008 19:21,25/02/2008 19:21,24,1
25/02/2008 19:21,25/02/2008 19:21,24,1
25/02/2008 19:36,25/02/2008 19:36,7,1
25/02/2008 19:40,25/02/2008 19:40,23,1
25/02/2008 19:40,25/02/2008 19:40,8,1
25/02/2008 19:41,25/02/2008 19:41,8,1
25/02/2008 19:41,25/02/2008 19:41,8,1
25/02/2008 19:41,25/02/2008 19:41,8,1
25/02/2008 19:41,25/02/2008 19:41,8,1
25/02/2008 19:41,25/02/2008 19:43,23,1
25/02/2008 19:47,25/02/2008 19:47,8,1
25/02/2008 19:54,25/02/2008 19:54,9,1
25/02/2008 19:56,25/02/2008 19:56,18,1
25/02/2008 19:56,25/02/2008 23:11,18,1
25/02/2008 19:56,25/02/2008 19:56,7,1
25/02/2008 19:56,25/02/2008 19:56,7,1
25/02/2008 19:57,25/02/2008 19:57,17,1
25/02/2008 20:00,25/02/2008 20:00,8,1
25/02/2008 20:00,25/02/2008 20:00,8,1
25/02/2008 20:01,25/02/2008 20:01,8,1
25/02/2008 20:01,25/02/2008 20:01,9,1
25/02/2008 20:04,25/02/2008 20:04,1,1
25/02/2008 20:04,25/02/2008 20:10,1,1
25/02/2008 20:10,25/02/2008 20:10,8,1
25/02/2008 20:18,25/02/2008 20:18,8,1
25/02/2008 20:19,25/02/2008 20:19,9,1
25/02/2008 20:20,25/02/2008 20:20,8,1
25/02/2008 20:23,25/02/2008 20:23,8,1
25/02/2008 20:23,25/02/2008 20:23,8,1
25/02/2008 21:08,25/02/2008 21:08,5,1
25/02/2008 21:08,25/02/2008 21:08,5,1
25/02/2008 21:45,25/02/2008 21:45,8,1
25/02/2008 21:51,25/02/2008 21:51,6,1
25/02/2008 21:51,25/02/2008 21:51,6,1
25/02/2008 21:52,25/02/2008 21:52,14,1
25/02/2008 21:52,25/02/2008 21:52,6,1
25/02/2008 21:54,25/02/2008 21:55,12,1
25/02/2008 21:55,25/02/2008 21:55,9,1
25/02/2008 21:56,25/02/2008 21:56,1,1
25/02/2008 21:59,25/02/2008 21:59,1,1
25/02/2008 23:05,25/02/2008 23:05,13,1
25/02/2008 23:06,25/02/2008 23:19,13,1
25/02/2008 23:11,25/02/2008 23:11,18,1
25/02/2008 23:19,25/02/2008 23:19,13,1
25/02/2008 23:21,25/02/2008 23:30,24,1
25/02/2008 23:22,25/02/2008 23:24,5,1
25/02/2008 23:28,25/02/2008 23:28,6,1
25/02/2008 23:28,25/02/2008 23:29,6,1
25/02/2008 23:30,25/02/2008 23:30,5,1
25/02/2008 23:31,25/02/2008 23:32,24,1
25/02/2008 23:32,25/02/2008 23:32,24,1
26/02/2008 00:38,26/02/2008 00:38,24,1
26/02/2008 00:38,26/02/2008 00:38,5,1
26/02/2008 00:38,26/02/2008 00:39,24,1
26/02/2008 00:39,26/02/2008 00:39,5,1
26/02/2008 00:39,26/02/2008 00:39,5,1
26/02/2008 00:39,26/02/2008 00:39,5,1
26/02/2008 00:39,26/02/2008 00:39,5,1
26/02/2008 00:39,26/02/2008 00:39,14,1
26/02/2008 00:39,26/02/2008 00:39,5,1
26/02/2008 00:40,26/02/2008 00:40,5,1
26/02/2008 00:40,26/02/2008 00:40,5,1
26/02/2008 00:46,26/02/2008 00:46,24,1
26/02/2008 00:46,26/02/2008 03:14,24,1
26/02/2008 03:13,26/02/2008 03:13,6,1
26/02/2008 03:14,26/02/2008 03:14,14,1
26/02/2008 03:14,26/02/2008 03:14,6,1
26/02/2008 08:35,26/02/2008 08:35,24,1
26/02/2008 08:36,26/02/2008 08:36,6,1
26/02/2008 08:36,26/02/2008 08:36,24,1
26/02/2008 08:36,26/02/2008 08:36,24,1
26/02/2008 08:36,26/02/2008 08:36,6,1
26/02/2008 09:15,26/02/2008 09:15,24,1
26/02/2008 09:15,26/02/2008 23:02,24,1
26/02/2008 09:15,26/02/2008 09:15,6,1
26/02/2008 09:18,26/02/2008 09:18,6,1
26/02/2008 09:18,26/02/2008 09:18,14,1
26/02/2008 09:26,26/02/2008 09:26,9,1
26/02/2008 09:26,26/02/2008 09:26,23,1
26/02/2008 09:27,26/02/2008 09:27,23,1
26/02/2008 09:28,26/02/2008 09:28,8,1
26/02/2008 09:28,26/02/2008 09:29,8,1
26/02/2008 09:48,26/02/2008 09:48,5,1
26/02/2008 09:48,26/02/2008 09:48,5,1
26/02/2008 09:58,26/02/2008 09:58,5,1
26/02/2008 09:58,26/02/2008 23:01,5,1
26/02/2008 10:06,26/02/2008 10:06,12,1
26/02/2008 20:31,26/02/2008 20:31,12,1
26/02/2008 20:31,26/02/2008 20:31,12,1
26/02/2008 20:33,26/02/2008 20:35,6,1
26/02/2008 21:02,26/02/2008 21:02,6,1
26/02/2008 21:03,26/02/2008 21:03,14,1
26/02/2008 21:03,26/02/2008 21:03,6,1
26/02/2008 21:39,26/02/2008 21:39,8,1
26/02/2008 21:39,26/02/2008 21:39,8,1
26/02/2008 21:40,26/02/2008 21:40,7,1
26/02/2008 21:40,26/02/2008 21:40,8,1
26/02/2008 22:10,26/02/2008 22:10,12,1
26/02/2008 22:10,26/02/2008 22:11,12,1
26/02/2008 22:56,26/02/2008 22:56,6,1
26/02/2008 22:57,26/02/2008 22:57,14,1
26/02/2008 22:58,26/02/2008 22:58,6,1
26/02/2008 22:58,26/02/2008 22:58,6,1
26/02/2008 22:58,26/02/2008 22:58,6,1
26/02/2008 22:58,26/02/2008 22:58,6,1
26/02/2008 22:58,26/02/2008 22:58,6,1
26/02/2008 22:59,26/02/2008 22:59,6,1
26/02/2008 22:59,26/02/2008 22:59,6,1
26/02/2008 23:00,26/02/2008 23:00,6,1
26/02/2008 23:01,27/02/2008 08:16,5,1
27/02/2008 05:29,27/02/2008 05:30,24,1
27/02/2008 05:29,27/02/2008 05:29,6,1
27/02/2008 05:30,27/02/2008 05:30,14,1
27/02/2008 05:30,27/02/2008 05:30,6,1
27/02/2008 08:00,27/02/2008 08:00,24,1
27/02/2008 08:00,28/02/2008 00:16,24,1
27/02/2008 08:01,27/02/2008 08:01,9,1
27/02/2008 08:01,27/02/2008 08:01,23,1
27/02/2008 08:01,27/02/2008 08:01,8,1
27/02/2008 08:01,27/02/2008 08:02,8,1
27/02/2008 08:13,27/02/2008 08:13,6,1
27/02/2008 08:13,27/02/2008 08:14,6,1
27/02/2008 08:15,27/02/2008 08:15,14,1
27/02/2008 08:15,27/02/2008 08:15,6,1
27/02/2008 08:26,27/02/2008 08:26,5,1
27/02/2008 08:26,27/02/2008 08:26,5,1
27/02/2008 08:34,27/02/2008 08:34,12,1
27/02/2008 18:58,27/02/2008 18:58,12,1
27/02/2008 18:59,27/02/2008 19:01,23,1
27/02/2008 19:00,27/02/2008 19:00,8,1
27/02/2008 19:02,27/02/2008 19:02,18,1
27/02/2008 19:02,27/02/2008 19:02,8,1
27/02/2008 19:03,27/02/2008 19:03,17,1
27/02/2008 19:05,27/02/2008 19:05,8,1
27/02/2008 19:05,27/02/2008 19:05,8,1
27/02/2008 19:08,27/02/2008 19:08,8,1
27/02/2008 19:09,27/02/2008 19:09,9,1
27/02/2008 19:16,27/02/2008 19:16,9,1
27/02/2008 19:19,27/02/2008 19:19,7,1
27/02/2008 19:19,27/02/2008 19:20,8,1
27/02/2008 20:35,27/02/2008 20:35,6,1
27/02/2008 20:35,27/02/2008 20:35,14,1
27/02/2008 20:35,27/02/2008 20:36,6,1
27/02/2008 23:03,27/02/2008 23:03,6,1
27/02/2008 23:05,27/02/2008 23:05,14,1
27/02/2008 23:05,27/02/2008 23:05,6,1
27/02/2008 23:06,27/02/2008 23:14,13,1
27/02/2008 23:06,27/02/2008 23:13,9,1
27/02/2008 23:06,27/02/2008 23:06,7,1
27/02/2008 23:06,27/02/2008 23:11,7,1
27/02/2008 23:10,27/02/2008 23:11,18,1
27/02/2008 23:16,27/02/2008 23:17,9,1
27/02/2008 23:20,27/02/2008 23:20,8,1
27/02/2008 23:20,27/02/2008 23:20,8,1
27/02/2008 23:23,27/02/2008 23:23,8,1
27/02/2008 23:23,27/02/2008 23:24,8,1
27/02/2008 23:26,27/02/2008 23:37,6,1
27/02/2008 23:37,27/02/2008 23:37,14,1
27/02/2008 23:37,27/02/2008 23:37,14,1
27/02/2008 23:37,28/02/2008 00:10,5,1
27/02/2008 23:42,27/02/2008 23:42,18,1
28/02/2008 00:10,28/02/2008 00:10,5,1
28/02/2008 00:11,28/02/2008 00:13,6,1
28/02/2008 00:13,28/02/2008 00:13,14,1
28/02/2008 00:13,28/02/2008 00:13,6,1
28/02/2008 00:13,28/02/2008 00:13,6,1
28/02/2008 00:13,28/02/2008 00:13,6,1
28/02/2008 00:13,28/02/2008 00:15,5,1
28/02/2008 00:15,28/02/2008 00:15,5,1
28/02/2008 00:16,28/02/2008 00:16,5,1
28/02/2008 00:20,28/02/2008 00:20,24,1
28/02/2008 07:05,28/02/2008 07:05,24,1
28/02/2008 07:05,28/02/2008 07:07,24,1
28/02/2008 07:06,28/02/2008 07:06,6,1
28/02/2008 07:07,28/02/2008 07:07,14,1
28/02/2008 07:07,28/02/2008 07:07,6,1
28/02/2008 09:48,28/02/2008 09:48,24,1
28/02/2008 09:48,28/02/2008 23:25,24,1
28/02/2008 09:48,28/02/2008 09:49,6,1
28/02/2008 09:49,28/02/2008 09:49,6,1
28/02/2008 09:49,28/02/2008 09:49,14,1
28/02/2008 09:50,28/02/2008 09:50,9,1
28/02/2008 09:50,28/02/2008 09:50,23,1
28/02/2008 09:50,28/02/2008 09:50,23,1
28/02/2008 09:50,28/02/2008 09:50,23,1
28/02/2008 09:50,28/02/2008 09:50,23,1
28/02/2008 09:50,28/02/2008 09:50,23,1
28/02/2008 09:51,28/02/2008 09:51,23,1
28/02/2008 09:51,28/02/2008 09:51,23,1
28/02/2008 09:51,28/02/2008 09:51,8,1
28/02/2008 10:35,28/02/2008 10:35,6,1
28/02/2008 10:37,28/02/2008 10:37,14,1
28/02/2008 10:37,28/02/2008 10:37,6,1
28/02/2008 10:38,28/02/2008 10:38,5,1
28/02/2008 10:46,28/02/2008 10:46,5,1
28/02/2008 10:46,28/02/2008 10:46,5,1
28/02/2008 10:58,28/02/2008 10:58,12,1
28/02/2008 18:34,28/02/2008 18:34,12,1
28/02/2008 18:35,28/02/2008 18:35,8,1
28/02/2008 18:35,28/02/2008 18:35,1,1
28/02/2008 18:37,28/02/2008 18:37,1,1
28/02/2008 18:37,28/02/2008 18:37,8,1
28/02/2008 18:37,28/02/2008 18:37,1,1
28/02/2008 18:48,28/02/2008 18:48,6,1
28/02/2008 18:48,28/02/2008 18:48,14,1
28/02/2008 18:48,28/02/2008 18:48,6,1
28/02/2008 18:49,28/02/2008 18:49,5,1
28/02/2008 18:49,28/02/2008 18:51,5,1
28/02/2008 18:53,28/02/2008 18:53,12,1
28/02/2008 21:35,28/02/2008 21:35,12,1
28/02/2008 21:40,28/02/2008 21:40,6,1
28/02/2008 21:42,28/02/2008 21:42,14,1
28/02/2008 21:42,28/02/2008 21:42,6,1
28/02/2008 22:20,28/02/2008 22:21,23,1
28/02/2008 22:21,28/02/2008 22:21,23,1
28/02/2008 22:22,28/02/2008 22:22,5,1
28/02/2008 22:22,28/02/2008 23:23,5,1
28/02/2008 23:23,28/02/2008 23:23,5,1
28/02/2008 23:23,28/02/2008 23:23,6,1
28/02/2008 23:23,28/02/2008 23:23,6,1
28/02/2008 23:24,28/02/2008 23:24,14,1
28/02/2008 23:24,28/02/2008 23:24,6,1
28/02/2008 23:24,28/02/2008 23:25,5,1
29/02/2008 08:03,29/02/2008 08:03,24,1
29/02/2008 08:03,29/02/2008 08:03,6,1
29/02/2008 08:03,29/02/2008 08:03,6,1
29/02/2008 08:03,29/02/2008 08:04,24,1
29/02/2008 08:04,29/02/2008 08:04,6,1
29/02/2008 10:20,29/02/2008 10:20,24,1
29/02/2008 10:20,02/03/2008 20:38,24,1
29/02/2008 10:22,29/02/2008 10:22,9,1
29/02/2008 10:22,29/02/2008 10:23,23,1
29/02/2008 10:23,29/02/2008 10:23,8,1
29/02/2008 10:30,29/02/2008 10:30,6,1
29/02/2008 10:30,29/02/2008 10:30,14,1
29/02/2008 10:30,29/02/2008 10:30,14,1
29/02/2008 10:30,29/02/2008 10:30,6,1
29/02/2008 10:30,29/02/2008 10:31,5,1
29/02/2008 10:31,29/02/2008 10:31,5,1
29/02/2008 10:38,29/02/2008 10:38,5,1
29/02/2008 10:38,29/02/2008 19:22,5,1
29/02/2008 10:48,29/02/2008 10:48,12,1
29/02/2008 18:17,29/02/2008 18:17,12,1
29/02/2008 18:18,29/02/2008 18:18,8,1
29/02/2008 18:41,29/02/2008 18:41,12,1
29/02/2008 19:20,29/02/2008 19:20,12,1
29/02/2008 19:24,29/02/2008 19:24,6,1
29/02/2008 19:24,29/02/2008 19:24,14,1
29/02/2008 19:25,29/02/2008 19:25,6,1
29/02/2008 19:41,29/02/2008 19:41,13,1
29/02/2008 19:41,29/02/2008 19:44,13,1
29/02/2008 19:45,29/02/2008 19:45,8,1
29/02/2008 19:46,29/02/2008 19:46,7,1
29/02/2008 19:46,29/02/2008 19:46,9,1
29/02/2008 19:46,29/02/2008 19:46,8,1
29/02/2008 19:47,29/02/2008 19:47,23,1
29/02/2008 19:47,29/02/2008 19:47,8,1
29/02/2008 19:49,29/02/2008 19:49,18,1
29/02/2008 20:10,29/02/2008 20:10,8,1
29/02/2008 20:13,29/02/2008 20:13,18,1
29/02/2008 20:37,29/02/2008 20:38,18,1
29/02/2008 20:43,29/02/2008 20:43,8,1
29/02/2008 20:43,29/02/2008 20:43,8,1
29/02/2008 20:43,29/02/2008 20:43,8,1
29/02/2008 20:44,29/02/2008 20:44,18,1
29/02/2008 20:45,29/02/2008 20:45,8,1
29/02/2008 20:51,29/02/2008 20:51,7,1
29/02/2008 20:51,29/02/2008 20:51,9,1
29/02/2008 20:52,29/02/2008 20:52,18,1
29/02/2008 20:52,29/02/2008 20:52,18,1
29/02/2008 20:52,29/02/2008 20:52,18,1
29/02/2008 20:52,29/02/2008 20:52,18,1
29/02/2008 20:52,29/02/2008 20:52,18,1
29/02/2008 20:53,29/02/2008 20:53,18,1
29/02/2008 20:55,29/02/2008 20:55,8,1
29/02/2008 20:55,29/02/2008 20:55,17,1
29/02/2008 20:55,29/02/2008 20:55,8,1
29/02/2008 20:58,29/02/2008 20:59,18,1
29/02/2008 20:59,29/02/2008 20:59,8,1
29/02/2008 22:03,29/02/2008 22:03,12,1
29/02/2008 22:03,29/02/2008 22:03,12,1
02/03/2008 19:37,02/03/2008 19:37,12,1
02/03/2008 20:32,02/03/2008 20:32,5,1
02/03/2008 20:32,02/03/2008 20:37,5,1
02/03/2008 20:32,02/03/2008 20:34,20,1
02/03/2008 20:37,02/03/2008 20:37,6,1
02/03/2008 20:37,02/03/2008 20:37,14,1
02/03/2008 20:37,02/03/2008 20:37,6,1
02/03/2008 20:38,02/03/2008 20:38,24,1
02/03/2008 20:38,02/03/2008 20:39,24,1
02/03/2008 20:38,02/03/2008 20:39,5,1
02/03/2008 20:56,02/03/2008 20:56,24,1
02/03/2008 20:56,02/03/2008 22:03,24,1
02/03/2008 20:57,02/03/2008 20:57,17,1
02/03/2008 21:00,02/03/2008 21:00,9,1
02/03/2008 21:00,02/03/2008 21:00,9,1
02/03/2008 21:00,02/03/2008 21:00,17,1
02/03/2008 21:01,02/03/2008 21:01,17,1
02/03/2008 21:49,02/03/2008 21:49,20,1
02/03/2008 21:49,02/03/2008 21:50,20,1
02/03/2008 21:57,02/03/2008 21:58,6,1
02/03/2008 21:58,02/03/2008 21:58,6,1
02/03/2008 21:58,02/03/2008 21:58,6,1
02/03/2008 21:58,02/03/2008 21:58,14,1
02/03/2008 22:03,02/03/2008 22:03,6,1
02/03/2008 22:03,02/03/2008 22:03,14,1
02/03/2008 22:03,02/03/2008 22:03,6,1
03/03/2008 08:49,03/03/2008 08:49,24,1
03/03/2008 08:49,05/03/2008 00:22,24,1
03/03/2008 08:50,03/03/2008 08:50,6,1
03/03/2008 08:52,03/03/2008 08:52,6,1
03/03/2008 09:01,03/03/2008 09:01,9,1
03/03/2008 09:01,03/03/2008 09:01,23,1
03/03/2008 09:01,03/03/2008 09:01,23,1
03/03/2008 09:02,03/03/2008 09:02,9,1
03/03/2008 09:02,03/03/2008 09:02,23,1
03/03/2008 09:02,03/03/2008 09:02,8,1
03/03/2008 09:02,03/03/2008 09:02,8,1
03/03/2008 09:17,03/03/2008 09:17,5,1
03/03/2008 09:17,03/03/2008 09:17,5,1
03/03/2008 09:31,03/03/2008 09:31,5,1
03/03/2008 09:31,04/03/2008 09:10,5,1
03/03/2008 09:45,03/03/2008 09:45,12,1
04/03/2008 09:07,04/03/2008 09:07,12,1
04/03/2008 09:10,04/03/2008 09:10,6,1
04/03/2008 09:11,04/03/2008 09:11,6,1
04/03/2008 09:11,04/03/2008 09:11,14,1
04/03/2008 09:11,04/03/2008 09:11,6,1
04/03/2008 09:12,04/03/2008 18:20,5,1
04/03/2008 09:16,04/03/2008 09:16,12,1
04/03/2008 18:19,04/03/2008 18:19,12,1
04/03/2008 18:20,04/03/2008 18:20,6,1
04/03/2008 18:22,04/03/2008 18:22,14,1
04/03/2008 18:22,04/03/2008 18:23,6,1
04/03/2008 18:22,04/03/2008 18:29,5,1
04/03/2008 18:24,04/03/2008 18:25,20,1
04/03/2008 18:29,04/03/2008 23:44,6,1
04/03/2008 18:30,04/03/2008 18:30,12,1
04/03/2008 23:43,04/03/2008 23:43,12,1
04/03/2008 23:45,04/03/2008 23:45,6,1
04/03/2008 23:46,04/03/2008 23:46,20,1
04/03/2008 23:52,04/03/2008 23:52,8,1
04/03/2008 23:52,04/03/2008 23:52,7,1
04/03/2008 23:52,04/03/2008 23:52,8,1
05/03/2008 00:01,05/03/2008 00:01,6,1
05/03/2008 00:04,05/03/2008 00:04,14,1
05/03/2008 00:04,05/03/2008 00:04,5,1
05/03/2008 00:18,05/03/2008 00:18,5,1
05/03/2008 00:18,05/03/2008 00:19,5,1
05/03/2008 00:20,05/03/2008 00:21,6,1
05/03/2008 00:21,05/03/2008 00:21,14,1
05/03/2008 00:21,05/03/2008 00:21,5,1
05/03/2008 05:58,05/03/2008 05:58,24,1
05/03/2008 05:59,05/03/2008 06:04,24,1
05/03/2008 06:00,05/03/2008 06:00,6,1
05/03/2008 06:00,05/03/2008 06:00,14,1
05/03/2008 06:00,05/03/2008 06:01,6,1
05/03/2008 09:27,05/03/2008 09:27,24,1
05/03/2008 09:27,05/03/2008 23:33,24,1
05/03/2008 09:28,05/03/2008 09:29,6,1
05/03/2008 09:29,05/03/2008 09:29,14,1
05/03/2008 09:29,05/03/2008 09:29,6,1
05/03/2008 09:29,05/03/2008 09:30,9,1
05/03/2008 09:30,05/03/2008 09:30,23,1
05/03/2008 09:30,05/03/2008 09:30,8,1
05/03/2008 09:30,05/03/2008 09:30,23,1
05/03/2008 09:30,05/03/2008 09:30,8,1
05/03/2008 09:45,05/03/2008 09:45,5,1
05/03/2008 09:45,05/03/2008 09:45,5,1
05/03/2008 09:45,05/03/2008 20:13,6,1
05/03/2008 09:53,05/03/2008 09:53,5,1
05/03/2008 09:53,05/03/2008 19:48,5,1
05/03/2008 10:12,05/03/2008 10:12,12,1
05/03/2008 19:48,05/03/2008 19:48,12,1
05/03/2008 19:52,05/03/2008 19:52,17,1
05/03/2008 19:55,05/03/2008 19:55,23,1
05/03/2008 19:55,05/03/2008 19:55,9,1
05/03/2008 20:13,05/03/2008 20:13,6,1
05/03/2008 20:14,05/03/2008 20:14,14,1
05/03/2008 20:14,05/03/2008 20:14,6,1
05/03/2008 20:15,05/03/2008 20:15,18,1
05/03/2008 20:15,05/03/2008 20:15,18,1
05/03/2008 20:20,05/03/2008 20:20,9,1
05/03/2008 20:20,05/03/2008 20:20,8,1
05/03/2008 20:20,05/03/2008 20:20,8,1
05/03/2008 20:20,05/03/2008 20:20,8,1
05/03/2008 20:23,05/03/2008 20:23,9,1
05/03/2008 22:58,05/03/2008 22:58,5,1
05/03/2008 23:07,05/03/2008 23:07,6,1
05/03/2008 23:08,05/03/2008 23:08,14,1
05/03/2008 23:08,05/03/2008 23:08,6,1
05/03/2008 23:30,05/03/2008 23:30,5,1
05/03/2008 23:30,05/03/2008 23:32,5,1
05/03/2008 23:32,05/03/2008 23:32,6,1
05/03/2008 23:33,05/03/2008 23:33,14,1
05/03/2008 23:33,05/03/2008 23:33,14,1
05/03/2008 23:33,05/03/2008 23:33,14,1
05/03/2008 23:33,05/03/2008 23:33,14,1
05/03/2008 23:33,05/03/2008 23:33,14,1
05/03/2008 23:33,05/03/2008 23:33,14,1
06/03/2008 04:37,06/03/2008 04:37,24,1
06/03/2008 04:37,06/03/2008 04:39,24,1
06/03/2008 04:38,06/03/2008 04:38,6,1
06/03/2008 04:38,06/03/2008 04:38,6,1
06/03/2008 08:38,06/03/2008 08:38,24,1
06/03/2008 08:38,06/03/2008 23:18,24,1
06/03/2008 08:39,06/03/2008 08:39,6,1
06/03/2008 08:40,06/03/2008 08:40,6,1
06/03/2008 09:04,06/03/2008 09:04,18,1
06/03/2008 09:04,06/03/2008 09:04,8,1
06/03/2008 09:04,06/03/2008 09:04,8,1
06/03/2008 09:04,06/03/2008 09:04,8,1
06/03/2008 09:05,06/03/2008 09:05,8,1
06/03/2008 09:05,06/03/2008 09:05,9,1
06/03/2008 09:05,06/03/2008 09:05,8,1
06/03/2008 09:07,06/03/2008 09:07,17,1
06/03/2008 09:07,06/03/2008 09:07,9,1
06/03/2008 09:07,06/03/2008 09:07,17,1
06/03/2008 09:09,06/03/2008 09:09,7,1
06/03/2008 09:09,06/03/2008 09:09,1,1
06/03/2008 09:09,06/03/2008 09:10,8,1
06/03/2008 09:38,06/03/2008 09:38,6,1
06/03/2008 09:40,06/03/2008 09:40,14,1
06/03/2008 09:42,06/03/2008 09:42,14,1
06/03/2008 09:42,06/03/2008 09:42,6,1
06/03/2008 09:42,06/03/2008 09:43,5,1
06/03/2008 10:23,06/03/2008 10:23,5,1
06/03/2008 10:23,06/03/2008 10:23,5,1
06/03/2008 10:30,06/03/2008 10:30,5,1
06/03/2008 10:30,06/03/2008 10:30,5,1
06/03/2008 10:38,06/03/2008 10:38,12,1
06/03/2008 17:41,06/03/2008 17:41,12,1
06/03/2008 17:46,06/03/2008 17:46,8,1
06/03/2008 17:46,06/03/2008 17:46,8,1
06/03/2008 18:52,06/03/2008 18:52,6,1
06/03/2008 18:53,06/03/2008 18:53,14,1
06/03/2008 18:53,06/03/2008 18:53,14,1
06/03/2008 18:53,06/03/2008 18:53,6,1
06/03/2008 18:54,06/03/2008 18:54,23,1
06/03/2008 18:54,06/03/2008 18:54,17,1
06/03/2008 19:00,06/03/2008 19:00,7,1
06/03/2008 19:01,06/03/2008 19:01,18,1
06/03/2008 19:01,06/03/2008 19:02,18,1
06/03/2008 19:02,06/03/2008 19:03,23,1
06/03/2008 19:05,13/03/2008 18:56,1,1
06/03/2008 19:08,06/03/2008 19:08,18,1
06/03/2008 19:10,06/03/2008 19:11,23,1
06/03/2008 19:11,06/03/2008 19:11,9,1
06/03/2008 19:15,06/03/2008 19:15,8,1
06/03/2008 19:21,06/03/2008 19:21,18,1
06/03/2008 19:25,06/03/2008 19:25,18,1
06/03/2008 19:35,06/03/2008 19:35,9,1
06/03/2008 19:40,06/03/2008 19:40,8,1
06/03/2008 19:40,06/03/2008 19:40,8,1
06/03/2008 19:53,06/03/2008 19:53,13,1
06/03/2008 19:53,06/03/2008 19:57,13,1
06/03/2008 19:54,06/03/2008 19:55,9,1
06/03/2008 19:54,06/03/2008 19:54,18,1
06/03/2008 19:55,06/03/2008 19:55,9,1
06/03/2008 19:55,06/03/2008 19:57,7,1
06/03/2008 19:56,06/03/2008 19:56,18,1
06/03/2008 19:56,06/03/2008 19:58,18,1
06/03/2008 19:57,06/03/2008 19:57,7,1
06/03/2008 19:57,06/03/2008 19:57,7,1
06/03/2008 19:57,06/03/2008 19:57,7,1
06/03/2008 19:57,06/03/2008 19:57,9,1
06/03/2008 19:59,06/03/2008 19:59,17,1
06/03/2008 20:00,06/03/2008 20:00,18,1
06/03/2008 20:05,06/03/2008 20:11,13,1
06/03/2008 20:11,06/03/2008 20:11,13,1
06/03/2008 20:12,06/03/2008 20:12,18,1
06/03/2008 20:12,06/03/2008 20:12,18,1
06/03/2008 20:14,06/03/2008 20:14,18,1
06/03/2008 20:16,06/03/2008 20:16,23,1
06/03/2008 20:17,06/03/2008 20:17,23,1
06/03/2008 20:31,06/03/2008 20:31,18,1
06/03/2008 20:31,06/03/2008 20:31,18,1
06/03/2008 20:32,06/03/2008 20:32,18,1
06/03/2008 20:33,06/03/2008 20:33,18,1
06/03/2008 21:34,06/03/2008 21:34,23,1
06/03/2008 21:34,06/03/2008 21:35,23,1
06/03/2008 21:35,06/03/2008 21:35,23,1
06/03/2008 21:35,06/03/2008 21:35,17,1
06/03/2008 21:35,06/03/2008 21:35,23,1
06/03/2008 21:35,06/03/2008 21:35,23,1
06/03/2008 21:37,06/03/2008 21:37,23,1
06/03/2008 21:37,06/03/2008 21:37,7,1
06/03/2008 21:37,06/03/2008 21:37,8,1
06/03/2008 22:44,06/03/2008 22:44,6,1
06/03/2008 22:46,06/03/2008 22:46,14,1
06/03/2008 22:46,06/03/2008 22:46,6,1
06/03/2008 22:46,06/03/2008 22:47,5,1
06/03/2008 22:47,06/03/2008 22:47,5,1
06/03/2008 23:14,06/03/2008 23:14,5,1
06/03/2008 23:14,06/03/2008 23:14,5,1
06/03/2008 23:17,06/03/2008 23:17,6,1
06/03/2008 23:18,06/03/2008 23:18,6,1
06/03/2008 23:18,06/03/2008 23:18,14,1
06/03/2008 23:18,06/03/2008 23:18,6,1
07/03/2008 06:59,07/03/2008 06:59,24,1
07/03/2008 06:59,07/03/2008 07:00,24,1
07/03/2008 06:59,07/03/2008 07:00,6,1
07/03/2008 07:00,07/03/2008 07:00,6,1
07/03/2008 08:38,07/03/2008 08:38,24,1
07/03/2008 08:38,07/03/2008 08:39,24,1
07/03/2008 08:44,07/03/2008 08:44,6,1
07/03/2008 08:45,07/03/2008 08:45,14,1
07/03/2008 08:45,07/03/2008 08:45,6,1
07/03/2008 08:49,07/03/2008 08:49,8,1
07/03/2008 08:49,07/03/2008 08:49,7,1
07/03/2008 08:49,07/03/2008 08:49,8,1
07/03/2008 08:50,07/03/2008 08:50,9,1
07/03/2008 08:50,07/03/2008 08:50,23,1
07/03/2008 08:50,07/03/2008 08:50,8,1
07/03/2008 08:51,07/03/2008 08:51,8,1
07/03/2008 09:07,07/03/2008 09:07,5,1
07/03/2008 09:15,08/03/2008 03:21,5,1
07/03/2008 09:29,07/03/2008 09:29,12,1
07/03/2008 09:29,07/03/2008 09:29,12,1
08/03/2008 01:07,08/03/2008 01:07,12,1
08/03/2008 01:12,08/03/2008 01:12,7,1
08/03/2008 01:12,08/03/2008 01:12,7,1
08/03/2008 01:12,08/03/2008 01:12,7,1
08/03/2008 01:12,08/03/2008 01:12,7,1
08/03/2008 01:12,08/03/2008 01:12,7,1
08/03/2008 01:13,08/03/2008 01:13,7,1
08/03/2008 01:13,08/03/2008 01:13,7,1
08/03/2008 01:14,08/03/2008 01:14,7,1
08/03/2008 01:14,08/03/2008 01:14,8,1
08/03/2008 03:21,08/03/2008 03:21,5,1
08/03/2008 03:21,08/03/2008 03:21,5,1
08/03/2008 03:21,08/03/2008 03:21,5,1
08/03/2008 03:22,08/03/2008 03:22,5,1
08/03/2008 03:22,08/03/2008 03:22,6,1
08/03/2008 03:23,08/03/2008 08:20,5,1
08/03/2008 03:23,08/03/2008 03:23,6,1
08/03/2008 03:26,08/03/2008 03:26,24,1
08/03/2008 08:20,08/03/2008 08:20,24,1
08/03/2008 08:20,08/03/2008 10:01,24,1
08/03/2008 08:20,08/03/2008 08:20,6,1
08/03/2008 08:21,08/03/2008 08:21,14,1
08/03/2008 08:21,08/03/2008 08:21,6,1
08/03/2008 08:22,08/03/2008 08:22,7,1
08/03/2008 08:22,08/03/2008 08:22,8,1
08/03/2008 08:22,08/03/2008 08:22,8,1
08/03/2008 08:33,08/03/2008 08:33,6,1
08/03/2008 08:35,08/03/2008 08:35,14,1
08/03/2008 08:35,08/03/2008 08:35,6,1
08/03/2008 08:35,08/03/2008 08:35,6,1
08/03/2008 08:35,08/03/2008 08:35,14,1
08/03/2008 08:35,08/03/2008 10:00,5,1
08/03/2008 08:35,08/03/2008 08:35,14,1
08/03/2008 08:35,08/03/2008 08:45,6,1
08/03/2008 08:46,08/03/2008 08:46,6,1
08/03/2008 10:00,08/03/2008 10:00,6,1
08/03/2008 10:00,08/03/2008 10:01,6,1
08/03/2008 10:01,08/03/2008 10:01,14,1
08/03/2008 10:26,08/03/2008 10:26,24,1
08/03/2008 10:26,08/03/2008 10:26,24,1
08/03/2008 10:26,08/03/2008 10:26,18,1
08/03/2008 10:26,08/03/2008 10:26,13,1
08/03/2008 10:27,08/03/2008 10:27,9,1
08/03/2008 10:27,08/03/2008 10:28,17,1
08/03/2008 10:29,08/03/2008 10:29,8,1
08/03/2008 10:56,08/03/2008 10:56,8,1
08/03/2008 11:08,08/03/2008 11:08,5,1
08/03/2008 11:08,08/03/2008 11:12,5,1
08/03/2008 11:12,08/03/2008 11:12,6,1
08/03/2008 11:12,08/03/2008 11:12,5,1
08/03/2008 11:15,08/03/2008 11:15,14,1
08/03/2008 11:15,08/03/2008 11:15,6,1
08/03/2008 11:15,08/03/2008 11:16,5,1
08/03/2008 11:22,08/03/2008 11:22,5,1
08/03/2008 11:23,10/03/2008 06:20,5,1
08/03/2008 11:36,08/03/2008 11:36,12,1
08/03/2008 11:36,08/03/2008 11:36,12,1
10/03/2008 06:18,10/03/2008 06:18,12,1
10/03/2008 06:19,10/03/2008 06:19,24,1
10/03/2008 06:19,10/03/2008 06:21,24,1
10/03/2008 06:20,10/03/2008 06:21,6,1
10/03/2008 06:20,10/03/2008 06:20,14,1
10/03/2008 06:21,10/03/2008 06:21,12,1
10/03/2008 08:33,10/03/2008 08:33,24,1
10/03/2008 08:33,10/03/2008 22:05,24,1
10/03/2008 08:35,10/03/2008 08:35,6,1
10/03/2008 08:35,10/03/2008 08:35,14,1
10/03/2008 08:35,10/03/2008 08:35,6,1
10/03/2008 08:49,10/03/2008 08:49,6,1
10/03/2008 08:51,10/03/2008 08:51,14,1
10/03/2008 08:51,10/03/2008 08:51,6,1
10/03/2008 08:51,10/03/2008 08:51,5,1
10/03/2008 09:08,10/03/2008 09:08,6,1
10/03/2008 09:08,10/03/2008 09:58,6,1
10/03/2008 09:25,10/03/2008 09:25,5,1
10/03/2008 09:26,10/03/2008 09:47,5,1
10/03/2008 09:26,10/03/2008 09:26,9,1
10/03/2008 09:26,10/03/2008 09:26,23,1
10/03/2008 09:26,10/03/2008 09:26,8,1
10/03/2008 09:26,10/03/2008 09:26,8,1
10/03/2008 09:35,10/03/2008 09:35,13,1
10/03/2008 09:35,10/03/2008 09:41,13,1
10/03/2008 09:41,10/03/2008 09:41,13,1
10/03/2008 09:47,10/03/2008 09:47,5,1
10/03/2008 09:55,10/03/2008 09:55,5,1
10/03/2008 09:55,10/03/2008 19:24,5,1
10/03/2008 10:29,10/03/2008 10:29,12,1
10/03/2008 10:29,10/03/2008 10:29,12,1
10/03/2008 10:30,10/03/2008 10:30,12,1
10/03/2008 19:23,10/03/2008 19:23,12,1
10/03/2008 19:25,10/03/2008 19:25,14,1
10/03/2008 19:33,10/03/2008 19:33,8,1
10/03/2008 19:33,10/03/2008 19:33,8,1
10/03/2008 19:33,10/03/2008 19:33,23,1
10/03/2008 19:39,10/03/2008 19:39,17,1
10/03/2008 19:39,10/03/2008 19:39,17,1
10/03/2008 19:40,10/03/2008 19:41,23,1
10/03/2008 19:44,10/03/2008 19:44,8,1
10/03/2008 19:50,10/03/2008 19:50,17,1
10/03/2008 19:50,10/03/2008 19:50,17,1
10/03/2008 20:09,10/03/2008 20:09,9,1
10/03/2008 20:09,10/03/2008 20:10,9,1
10/03/2008 20:11,10/03/2008 20:11,8,1
10/03/2008 20:11,10/03/2008 20:11,8,1
10/03/2008 20:11,10/03/2008 20:11,8,1
10/03/2008 20:11,10/03/2008 20:11,8,1
10/03/2008 20:11,10/03/2008 20:11,7,1
10/03/2008 20:54,10/03/2008 20:54,14,1
10/03/2008 20:54,10/03/2008 20:55,5,1
10/03/2008 20:54,10/03/2008 20:54,14,1
10/03/2008 21:29,10/03/2008 21:29,17,1
10/03/2008 21:32,10/03/2008 21:32,17,1
10/03/2008 21:32,10/03/2008 21:32,17,1
10/03/2008 21:32,10/03/2008 21:32,8,1
10/03/2008 21:33,10/03/2008 21:33,8,1
10/03/2008 21:33,10/03/2008 21:33,7,1
10/03/2008 21:33,10/03/2008 21:33,13,1
10/03/2008 21:38,10/03/2008 21:38,23,1
10/03/2008 22:03,10/03/2008 22:03,14,1
10/03/2008 22:03,10/03/2008 22:03,14,1
10/03/2008 22:03,10/03/2008 22:05,5,1
11/03/2008 06:51,11/03/2008 06:51,24,1
11/03/2008 06:51,11/03/2008 06:53,24,1
11/03/2008 06:52,11/03/2008 06:52,14,1
11/03/2008 06:53,11/03/2008 06:53,24,1
11/03/2008 08:43,11/03/2008 08:43,24,1
11/03/2008 08:43,11/03/2008 21:55,24,1
11/03/2008 09:01,11/03/2008 09:01,14,1
11/03/2008 09:01,11/03/2008 09:01,14,1
11/03/2008 09:18,11/03/2008 09:18,14,1
11/03/2008 09:18,11/03/2008 09:18,14,1
11/03/2008 09:18,11/03/2008 09:18,5,1
11/03/2008 09:18,11/03/2008 09:18,5,1
11/03/2008 09:26,11/03/2008 09:26,5,1
11/03/2008 09:26,11/03/2008 18:28,5,1
11/03/2008 09:33,11/03/2008 09:33,12,1
11/03/2008 17:57,11/03/2008 17:57,12,1
11/03/2008 17:58,11/03/2008 17:58,17,1
11/03/2008 18:02,11/03/2008 18:02,9,1
11/03/2008 18:12,11/03/2008 18:12,17,1
11/03/2008 18:12,11/03/2008 18:12,17,1
11/03/2008 18:16,11/03/2008 18:16,7,1
11/03/2008 18:16,11/03/2008 18:16,8,1
11/03/2008 18:29,11/03/2008 18:29,5,1
11/03/2008 18:30,11/03/2008 18:30,14,1
11/03/2008 18:35,11/03/2008 18:35,12,1
11/03/2008 18:35,11/03/2008 18:35,12,1
11/03/2008 20:38,11/03/2008 20:38,5,1
11/03/2008 20:38,11/03/2008 20:43,5,1
11/03/2008 20:41,11/03/2008 20:41,12,1
11/03/2008 20:48,11/03/2008 20:48,8,1
11/03/2008 20:48,11/03/2008 20:48,8,1
11/03/2008 20:51,11/03/2008 20:51,8,1
11/03/2008 21:13,11/03/2008 21:14,8,1
11/03/2008 21:14,11/03/2008 21:14,7,1
11/03/2008 21:14,11/03/2008 21:14,8,1
11/03/2008 21:52,11/03/2008 21:52,14,1
11/03/2008 21:52,11/03/2008 21:52,14,1
11/03/2008 21:53,11/03/2008 21:53,5,1
11/03/2008 21:53,11/03/2008 21:54,5,1
12/03/2008 03:04,12/03/2008 03:04,24,1
12/03/2008 03:04,12/03/2008 03:05,24,1
12/03/2008 03:05,12/03/2008 03:05,14,1
12/03/2008 08:41,13/03/2008 01:24,24,1
12/03/2008 08:42,12/03/2008 08:42,14,1
12/03/2008 09:48,12/03/2008 09:48,8,1
12/03/2008 09:48,12/03/2008 09:48,8,1
12/03/2008 09:49,12/03/2008 09:49,17,1
12/03/2008 09:49,12/03/2008 09:49,9,1
12/03/2008 09:50,12/03/2008 09:50,17,1
12/03/2008 09:51,12/03/2008 09:51,8,1
12/03/2008 09:52,12/03/2008 09:52,8,1
12/03/2008 09:59,12/03/2008 09:59,7,1
12/03/2008 09:59,12/03/2008 09:59,8,1
12/03/2008 11:04,12/03/2008 11:04,14,1
12/03/2008 11:04,12/03/2008 12:41,5,1
12/03/2008 11:04,12/03/2008 11:04,14,1
12/03/2008 11:10,12/03/2008 11:10,12,1
12/03/2008 12:21,12/03/2008 12:21,12,1
12/03/2008 12:41,12/03/2008 12:41,5,1
12/03/2008 12:46,13/03/2008 01:18,5,1
12/03/2008 12:54,12/03/2008 12:54,12,1
12/03/2008 12:55,12/03/2008 12:55,12,1
13/03/2008 00:52,13/03/2008 00:52,12,1
13/03/2008 00:54,13/03/2008 00:54,17,1
13/03/2008 00:54,13/03/2008 00:54,9,1
13/03/2008 00:55,13/03/2008 00:55,23,1
13/03/2008 00:56,13/03/2008 00:56,23,1
13/03/2008 01:18,13/03/2008 01:18,5,1
13/03/2008 01:20,13/03/2008 01:20,14,1
13/03/2008 01:20,13/03/2008 01:23,5,1
13/03/2008 01:23,13/03/2008 01:23,5,1
13/03/2008 06:27,13/03/2008 06:27,24,1
13/03/2008 06:27,13/03/2008 06:30,24,1
13/03/2008 06:28,13/03/2008 06:28,14,1
13/03/2008 06:30,13/03/2008 08:22,5,1
13/03/2008 08:21,13/03/2008 08:21,24,1
13/03/2008 08:21,13/03/2008 19:00,24,1
13/03/2008 08:22,13/03/2008 08:22,5,1
13/03/2008 08:22,13/03/2008 08:22,14,1
13/03/2008 08:22,13/03/2008 09:41,5,1
13/03/2008 09:19,13/03/2008 09:20,9,1
13/03/2008 09:19,13/03/2008 09:19,23,1
13/03/2008 09:20,13/03/2008 09:20,23,1
13/03/2008 09:20,13/03/2008 09:20,23,1
13/03/2008 09:20,13/03/2008 09:20,23,1
13/03/2008 09:20,13/03/2008 09:20,8,1
13/03/2008 09:41,13/03/2008 09:41,5,1
13/03/2008 09:47,13/03/2008 09:47,5,1
13/03/2008 09:47,13/03/2008 17:55,5,1
13/03/2008 09:57,13/03/2008 09:57,12,1
13/03/2008 17:50,13/03/2008 17:50,12,1
13/03/2008 17:53,13/03/2008 17:53,6,1
13/03/2008 17:54,13/03/2008 17:54,14,1
13/03/2008 17:54,13/03/2008 17:54,6,1
13/03/2008 17:54,13/03/2008 17:54,14,1
13/03/2008 18:39,13/03/2008 18:39,23,1
13/03/2008 18:39,13/03/2008 18:39,23,1
13/03/2008 18:39,13/03/2008 18:39,7,1
13/03/2008 18:40,13/03/2008 18:40,23,1
13/03/2008 18:54,13/03/2008 18:54,6,1
13/03/2008 18:55,13/03/2008 18:55,6,1
13/03/2008 18:56,13/03/2008 18:59,1,1
13/03/2008 19:00,13/03/2008 19:00,24,1
13/03/2008 19:07,13/03/2008 19:07,12,1
13/03/2008 19:07,13/03/2008 19:07,12,1
13/03/2008 20:26,13/03/2008 20:26,12,1
13/03/2008 20:27,13/03/2008 20:28,12,1
13/03/2008 20:31,13/03/2008 20:31,6,1
13/03/2008 20:33,13/03/2008 20:33,14,1
13/03/2008 20:33,13/03/2008 20:33,6,1
13/03/2008 20:33,13/03/2008 20:33,5,1
13/03/2008 20:33,13/03/2008 20:33,12,1
13/03/2008 20:34,13/03/2008 20:34,12,1
13/03/2008 20:34,13/03/2008 20:34,12,1
14/03/2008 00:34,14/03/2008 00:35,12,1
14/03/2008 00:36,14/03/2008 00:36,8,1
14/03/2008 00:36,14/03/2008 00:36,8,1
14/03/2008 00:37,14/03/2008 00:37,5,1
14/03/2008 00:38,14/03/2008 00:38,6,1
14/03/2008 00:39,14/03/2008 00:39,6,1
14/03/2008 00:45,14/03/2008 00:45,24,1
14/03/2008 00:45,14/03/2008 00:46,24,1
14/03/2008 00:45,14/03/2008 00:46,5,1
14/03/2008 05:29,14/03/2008 05:29,24,1
14/03/2008 05:29,14/03/2008 05:43,24,1
14/03/2008 05:29,14/03/2008 05:29,6,1
14/03/2008 05:34,14/03/2008 05:34,14,1
14/03/2008 05:34,14/03/2008 05:34,5,1
14/03/2008 05:34,14/03/2008 05:34,5,1
14/03/2008 05:34,14/03/2008 05:34,14,1
14/03/2008 05:34,14/03/2008 05:35,6,1
14/03/2008 05:35,14/03/2008 05:35,14,1
14/03/2008 05:36,14/03/2008 05:36,14,1
14/03/2008 05:38,14/03/2008 05:38,14,1
14/03/2008 05:39,14/03/2008 05:39,6,1
14/03/2008 05:39,14/03/2008 05:43,5,1
14/03/2008 08:58,14/03/2008 08:58,24,1
14/03/2008 08:58,15/03/2008 00:00,24,1
14/03/2008 08:59,14/03/2008 09:14,5,1
14/03/2008 09:12,14/03/2008 09:12,6,1
14/03/2008 09:13,14/03/2008 09:13,14,1
14/03/2008 09:14,14/03/2008 09:14,6,1
14/03/2008 09:14,14/03/2008 09:14,14,1
14/03/2008 09:15,14/03/2008 09:15,9,1
14/03/2008 09:15,14/03/2008 09:15,23,1
14/03/2008 09:15,14/03/2008 09:15,8,1
14/03/2008 09:18,14/03/2008 09:18,9,1
14/03/2008 09:57,14/03/2008 09:57,6,1
14/03/2008 09:59,14/03/2008 09:59,14,1
14/03/2008 10:00,14/03/2008 10:00,6,1
14/03/2008 10:00,14/03/2008 10:00,5,1
14/03/2008 10:31,14/03/2008 10:31,5,1
14/03/2008 10:31,14/03/2008 10:31,5,1
14/03/2008 10:40,14/03/2008 10:40,5,1
14/03/2008 10:40,14/03/2008 17:20,5,1
14/03/2008 10:49,14/03/2008 10:49,12,1
14/03/2008 17:13,14/03/2008 17:13,12,1
14/03/2008 17:13,14/03/2008 17:13,8,1
14/03/2008 17:14,14/03/2008 17:14,9,1
14/03/2008 17:14,14/03/2008 17:14,1,1
14/03/2008 17:14,14/03/2008 17:14,8,1
14/03/2008 17:15,14/03/2008 17:15,1,1
14/03/2008 17:20,14/03/2008 17:20,6,1
14/03/2008 17:20,14/03/2008 17:20,6,1
14/03/2008 17:55,14/03/2008 17:55,12,1
14/03/2008 22:54,14/03/2008 22:55,12,1
14/03/2008 22:55,14/03/2008 22:55,9,1
14/03/2008 22:55,14/03/2008 22:55,8,1
14/03/2008 22:56,14/03/2008 22:56,8,1
14/03/2008 22:56,14/03/2008 22:56,1,1
14/03/2008 22:57,14/03/2008 22:57,1,1
14/03/2008 23:04,14/03/2008 23:04,6,1
14/03/2008 23:05,14/03/2008 23:05,14,1
14/03/2008 23:05,14/03/2008 23:05,6,1
14/03/2008 23:57,14/03/2008 23:57,6,1
14/03/2008 23:57,14/03/2008 23:57,14,1
14/03/2008 23:57,14/03/2008 23:58,6,1
14/03/2008 23:58,15/03/2008 04:06,5,1
15/03/2008 04:06,15/03/2008 04:06,24,1
15/03/2008 04:06,15/03/2008 04:07,24,1
15/03/2008 04:07,15/03/2008 04:07,6,1
15/03/2008 04:07,15/03/2008 04:07,6,1
15/03/2008 08:59,15/03/2008 08:59,24,1
15/03/2008 08:59,15/03/2008 08:59,6,1
15/03/2008 08:59,15/03/2008 09:00,6,1
15/03/2008 08:59,15/03/2008 09:00,24,1
15/03/2008 09:00,15/03/2008 09:00,14,1
15/03/2008 09:01,15/03/2008 09:01,24,1
15/03/2008 09:53,15/03/2008 09:53,24,1
15/03/2008 09:53,16/03/2008 01:31,24,1
15/03/2008 10:07,15/03/2008 10:07,6,1
15/03/2008 10:09,15/03/2008 10:09,14,1
15/03/2008 10:09,15/03/2008 10:09,14,1
15/03/2008 10:09,15/03/2008 10:09,6,1
15/03/2008 10:09,15/03/2008 10:09,5,1
15/03/2008 10:09,15/03/2008 10:09,8,1
15/03/2008 10:09,15/03/2008 10:09,8,1
15/03/2008 10:10,15/03/2008 10:10,9,1
15/03/2008 10:10,15/03/2008 10:10,23,1
15/03/2008 10:10,15/03/2008 10:10,8,1
15/03/2008 10:40,15/03/2008 10:40,6,1
15/03/2008 10:41,15/03/2008 10:41,6,1
15/03/2008 12:36,15/03/2008 12:36,6,1
15/03/2008 12:37,15/03/2008 12:37,6,1
15/03/2008 13:41,15/03/2008 13:41,9,1
15/03/2008 13:41,15/03/2008 13:41,8,1
15/03/2008 13:41,15/03/2008 13:41,1,1
15/03/2008 13:43,15/03/2008 13:43,1,1
15/03/2008 13:56,15/03/2008 13:56,6,1
15/03/2008 13:56,15/03/2008 13:57,6,1
15/03/2008 14:05,15/03/2008 14:05,6,1
15/03/2008 14:05,15/03/2008 14:08,6,1
15/03/2008 14:30,15/03/2008 14:30,6,1
15/03/2008 14:31,15/03/2008 14:31,14,1
15/03/2008 14:31,15/03/2008 14:31,6,1
15/03/2008 14:31,15/03/2008 14:31,14,1
15/03/2008 14:35,15/03/2008 14:35,5,1
15/03/2008 14:45,15/03/2008 14:45,5,1
15/03/2008 14:45,15/03/2008 19:44,5,1
15/03/2008 15:39,15/03/2008 15:39,20,1
15/03/2008 15:39,15/03/2008 15:40,20,1
15/03/2008 15:42,15/03/2008 15:46,13,1
15/03/2008 15:42,15/03/2008 15:44,9,1
15/03/2008 15:43,15/03/2008 15:43,7,1
15/03/2008 15:44,15/03/2008 15:46,7,1
15/03/2008 15:45,15/03/2008 15:45,9,1
15/03/2008 15:46,15/03/2008 15:46,23,1
15/03/2008 16:10,15/03/2008 16:12,13,1
15/03/2008 18:02,15/03/2008 18:02,20,1
15/03/2008 18:02,15/03/2008 18:04,20,1
15/03/2008 18:15,15/03/2008 18:15,23,1
15/03/2008 18:15,15/03/2008 18:15,23,1
15/03/2008 18:15,15/03/2008 18:16,17,1
15/03/2008 18:16,15/03/2008 18:16,1,1
15/03/2008 18:26,15/03/2008 18:26,9,1
15/03/2008 18:26,15/03/2008 18:27,1,1
15/03/2008 18:38,15/03/2008 18:38,1,1
15/03/2008 18:38,15/03/2008 18:39,1,1
15/03/2008 18:55,15/03/2008 18:55,7,1
15/03/2008 18:55,15/03/2008 18:55,8,1
15/03/2008 18:55,15/03/2008 18:55,8,1
15/03/2008 19:34,15/03/2008 19:34,20,1
15/03/2008 19:34,15/03/2008 19:34,20,1
15/03/2008 19:34,15/03/2008 19:34,20,1
15/03/2008 19:44,15/03/2008 19:44,6,1
15/03/2008 19:44,15/03/2008 19:44,5,1
15/03/2008 19:44,15/03/2008 19:44,14,1
15/03/2008 19:44,15/03/2008 19:44,14,1
15/03/2008 19:44,15/03/2008 19:44,6,1
15/03/2008 19:45,15/03/2008 19:45,12,1
16/03/2008 00:28,16/03/2008 00:28,12,1
16/03/2008 00:31,16/03/2008 10:04,23,1
16/03/2008 00:32,16/03/2008 00:32,1,1
16/03/2008 00:32,16/03/2008 00:32,8,1
16/03/2008 00:32,16/03/2008 00:32,8,1
16/03/2008 00:36,16/03/2008 00:36,9,1
16/03/2008 00:36,16/03/2008 00:36,1,1
16/03/2008 01:28,16/03/2008 01:28,5,1
16/03/2008 01:28,16/03/2008 01:30,5,1
16/03/2008 01:30,16/03/2008 01:30,5,1
16/03/2008 01:30,16/03/2008 01:30,6,1
16/03/2008 01:30,16/03/2008 01:31,14,1
16/03/2008 01:31,16/03/2008 01:31,6,1
16/03/2008 09:05,16/03/2008 09:05,24,1
16/03/2008 09:05,16/03/2008 17:20,24,1
16/03/2008 09:06,16/03/2008 09:06,6,1
16/03/2008 09:07,16/03/2008 09:07,14,1
16/03/2008 09:07,16/03/2008 09:07,6,1
16/03/2008 09:07,16/03/2008 09:07,6,1
16/03/2008 09:07,16/03/2008 09:07,14,1
16/03/2008 09:20,16/03/2008 09:20,6,1
16/03/2008 09:22,16/03/2008 09:22,14,1
16/03/2008 09:22,16/03/2008 09:22,6,1
16/03/2008 09:22,16/03/2008 09:22,5,1
16/03/2008 09:22,16/03/2008 09:23,5,1
16/03/2008 10:04,16/03/2008 10:04,9,1
16/03/2008 10:04,16/03/2008 10:04,9,1
16/03/2008 10:04,16/03/2008 10:04,23,1
16/03/2008 10:04,16/03/2008 10:04,8,1
16/03/2008 10:04,16/03/2008 10:04,8,1
16/03/2008 10:42,16/03/2008 10:42,5,1
16/03/2008 10:48,16/03/2008 10:48,5,1
16/03/2008 10:48,16/03/2008 12:36,5,1
16/03/2008 11:27,16/03/2008 11:27,12,1
16/03/2008 11:37,16/03/2008 11:37,12,1
16/03/2008 11:51,16/03/2008 11:51,20,1
16/03/2008 11:51,16/03/2008 11:51,20,1
16/03/2008 11:55,16/03/2008 11:55,12,1
16/03/2008 12:35,16/03/2008 12:35,12,1
16/03/2008 12:36,16/03/2008 12:36,12,1
16/03/2008 12:36,16/03/2008 12:37,6,1
16/03/2008 12:37,16/03/2008 12:37,14,1
16/03/2008 12:37,16/03/2008 12:37,6,1
16/03/2008 13:07,16/03/2008 13:07,5,1
16/03/2008 13:07,16/03/2008 13:10,5,1
16/03/2008 13:08,16/03/2008 13:09,6,1
16/03/2008 13:08,16/03/2008 13:08,14,1
16/03/2008 13:11,16/03/2008 13:11,5,1
16/03/2008 13:14,16/03/2008 13:16,5,1
16/03/2008 13:16,16/03/2008 13:43,5,1
16/03/2008 13:43,16/03/2008 13:43,5,1
16/03/2008 13:54,16/03/2008 13:54,8,1
16/03/2008 13:54,16/03/2008 13:54,8,1
16/03/2008 13:54,16/03/2008 13:55,23,1
16/03/2008 13:55,16/03/2008 13:55,23,1
16/03/2008 13:55,16/03/2008 13:55,23,1
16/03/2008 13:55,16/03/2008 13:55,23,1
16/03/2008 13:55,16/03/2008 13:55,17,1
16/03/2008 13:55,16/03/2008 13:55,23,1
16/03/2008 13:55,16/03/2008 13:55,23,1
16/03/2008 13:56,16/03/2008 13:56,9,1
16/03/2008 13:56,16/03/2008 13:56,23,1
16/03/2008 13:56,16/03/2008 13:56,9,1
16/03/2008 13:56,16/03/2008 13:56,7,1
16/03/2008 14:00,16/03/2008 14:00,8,1
16/03/2008 14:00,16/03/2008 14:00,20,1
16/03/2008 14:13,16/03/2008 14:13,5,1
16/03/2008 14:13,16/03/2008 15:20,5,1
16/03/2008 14:14,16/03/2008 14:16,13,1
16/03/2008 14:16,16/03/2008 14:17,13,1
16/03/2008 15:20,16/03/2008 15:20,6,1
16/03/2008 15:20,16/03/2008 15:20,5,1
16/03/2008 15:21,16/03/2008 15:21,14,1
16/03/2008 15:21,16/03/2008 15:21,6,1
16/03/2008 15:22,16/03/2008 15:23,12,1
16/03/2008 15:28,16/03/2008 15:28,12,1
16/03/2008 15:29,16/03/2008 15:29,6,1
16/03/2008 15:30,16/03/2008 15:30,14,1
16/03/2008 15:30,16/03/2008 15:30,6,1
16/03/2008 15:34,16/03/2008 15:34,1,1
16/03/2008 15:34,16/03/2008 15:34,1,1
16/03/2008 16:03,16/03/2008 16:03,5,1
16/03/2008 16:03,16/03/2008 16:36,5,1
16/03/2008 16:03,16/03/2008 16:03,17,1
16/03/2008 16:04,16/03/2008 16:04,17,1
16/03/2008 16:04,16/03/2008 16:04,23,1
16/03/2008 16:04,16/03/2008 16:04,23,1
16/03/2008 16:04,16/03/2008 16:04,18,1
16/03/2008 16:05,16/03/2008 16:05,8,1
16/03/2008 16:17,16/03/2008 16:17,20,1
16/03/2008 16:17,16/03/2008 16:17,20,1
16/03/2008 16:36,16/03/2008 16:36,6,1
16/03/2008 16:37,16/03/2008 16:37,14,1
16/03/2008 16:37,16/03/2008 16:37,6,1
16/03/2008 17:03,16/03/2008 17:03,23,1
16/03/2008 17:03,16/03/2008 17:06,23,1
16/03/2008 17:06,16/03/2008 17:10,9,1
16/03/2008 17:12,16/03/2008 17:12,23,1
16/03/2008 17:12,16/03/2008 17:13,17,1
16/03/2008 17:12,16/03/2008 17:13,6,1
16/03/2008 17:13,16/03/2008 17:13,14,1
16/03/2008 17:17,16/03/2008 17:17,17,1
16/03/2008 17:19,16/03/2008 17:19,6,1
16/03/2008 17:20,16/03/2008 17:20,6,1
16/03/2008 17:23,16/03/2008 17:24,24,1
16/03/2008 17:28,16/03/2008 22:02,24,1
16/03/2008 17:28,16/03/2008 17:28,5,1
16/03/2008 17:35,16/03/2008 17:35,6,1
16/03/2008 17:35,16/03/2008 17:35,14,1
16/03/2008 17:35,16/03/2008 17:36,6,1
16/03/2008 17:36,16/03/2008 17:36,6,1
16/03/2008 17:36,16/03/2008 17:36,6,1
16/03/2008 17:43,16/03/2008 17:43,5,1
16/03/2008 17:44,16/03/2008 17:44,5,1
16/03/2008 17:45,16/03/2008 17:47,5,1
16/03/2008 17:48,16/03/2008 17:48,12,1
16/03/2008 21:15,16/03/2008 21:15,12,1
16/03/2008 21:15,16/03/2008 21:15,12,1
16/03/2008 21:15,16/03/2008 21:15,6,1
16/03/2008 21:16,16/03/2008 21:16,6,1
16/03/2008 21:17,16/03/2008 21:17,14,1
16/03/2008 21:17,16/03/2008 21:18,6,1
16/03/2008 21:22,16/03/2008 21:22,12,1
16/03/2008 21:22,16/03/2008 21:22,6,1
16/03/2008 21:37,16/03/2008 21:37,12,1
16/03/2008 21:38,16/03/2008 21:38,6,1
16/03/2008 21:38,16/03/2008 21:38,6,1
16/03/2008 21:38,16/03/2008 21:38,14,1
16/03/2008 21:46,16/03/2008 21:46,7,1
16/03/2008 21:46,16/03/2008 21:46,7,1
16/03/2008 21:46,16/03/2008 21:46,7,1
16/03/2008 22:00,16/03/2008 22:00,5,1
16/03/2008 22:00,16/03/2008 22:02,5,1
16/03/2008 22:02,16/03/2008 22:02,5,1
16/03/2008 22:03,16/03/2008 22:03,24,1
16/03/2008 22:46,16/03/2008 22:46,24,1
16/03/2008 22:46,16/03/2008 22:48,24,1
16/03/2008 22:47,16/03/2008 22:47,6,1
16/03/2008 22:47,16/03/2008 22:47,14,1
16/03/2008 22:47,16/03/2008 22:47,6,1
17/03/2008 05:44,17/03/2008 05:44,24,1
17/03/2008 05:44,17/03/2008 05:45,24,1
17/03/2008 05:44,17/03/2008 05:44,6,1
17/03/2008 05:45,17/03/2008 05:45,14,1
17/03/2008 05:45,17/03/2008 05:45,6,1
17/03/2008 08:10,17/03/2008 08:10,24,1
17/03/2008 08:10,18/03/2008 00:52,24,1
17/03/2008 08:30,17/03/2008 08:30,6,1
17/03/2008 08:30,17/03/2008 08:30,14,1
17/03/2008 08:31,17/03/2008 08:31,6,1
17/03/2008 08:32,17/03/2008 08:32,9,1
17/03/2008 08:32,17/03/2008 08:32,23,1
17/03/2008 08:32,17/03/2008 08:32,8,1
17/03/2008 08:32,17/03/2008 08:32,8,1
17/03/2008 08:54,17/03/2008 08:54,5,1
17/03/2008 08:54,17/03/2008 08:54,5,1
17/03/2008 09:02,17/03/2008 09:02,5,1
17/03/2008 09:02,17/03/2008 09:09,5,1
17/03/2008 09:09,17/03/2008 09:09,6,1
17/03/2008 09:12,17/03/2008 09:12,14,1
17/03/2008 09:13,17/03/2008 09:13,14,1
17/03/2008 09:13,17/03/2008 09:14,6,1
17/03/2008 09:14,17/03/2008 09:14,6,1
17/03/2008 09:14,17/03/2008 09:14,6,1
17/03/2008 09:14,17/03/2008 09:14,6,1
17/03/2008 09:14,17/03/2008 19:13,5,1
17/03/2008 09:16,17/03/2008 09:16,12,1
17/03/2008 19:11,17/03/2008 19:11,12,1
17/03/2008 19:13,17/03/2008 19:13,6,1
17/03/2008 19:13,17/03/2008 19:13,6,1
17/03/2008 19:13,17/03/2008 19:13,14,1
17/03/2008 19:43,17/03/2008 19:43,18,1
17/03/2008 19:43,17/03/2008 19:43,18,1
17/03/2008 19:43,17/03/2008 19:44,13,1
17/03/2008 19:49,17/03/2008 19:49,18,1
17/03/2008 19:50,17/03/2008 19:50,18,1
17/03/2008 19:50,17/03/2008 19:51,9,1
17/03/2008 19:53,17/03/2008 19:53,9,1
17/03/2008 19:53,17/03/2008 19:53,7,1
17/03/2008 20:02,17/03/2008 20:02,23,1
17/03/2008 20:02,17/03/2008 20:03,23,1
17/03/2008 20:05,17/03/2008 20:05,6,1
17/03/2008 20:06,17/03/2008 20:06,14,1
17/03/2008 20:06,17/03/2008 20:06,6,1
17/03/2008 20:08,17/03/2008 20:08,18,1
17/03/2008 20:08,17/03/2008 20:08,18,1
17/03/2008 20:08,17/03/2008 20:08,18,1
17/03/2008 20:09,18/03/2008 08:28,18,1
17/03/2008 20:12,17/03/2008 20:12,9,1
17/03/2008 20:17,17/03/2008 20:17,7,1
17/03/2008 20:38,17/03/2008 20:38,17,1
17/03/2008 20:38,17/03/2008 20:38,17,1
17/03/2008 21:33,17/03/2008 21:33,8,1
17/03/2008 21:33,17/03/2008 21:33,8,1
17/03/2008 21:33,17/03/2008 21:33,7,1
17/03/2008 21:33,17/03/2008 21:33,7,1
17/03/2008 22:26,17/03/2008 22:26,6,1
17/03/2008 22:27,17/03/2008 22:27,14,1
17/03/2008 22:27,17/03/2008 22:27,6,1
18/03/2008 00:48,18/03/2008 00:48,6,1
18/03/2008 00:49,18/03/2008 00:49,6,1
18/03/2008 00:49,18/03/2008 00:49,14,1
18/03/2008 00:49,18/03/2008 00:49,14,1
18/03/2008 00:49,18/03/2008 00:50,5,1
18/03/2008 00:52,18/03/2008 00:52,24,1
18/03/2008 00:52,18/03/2008 00:52,24,1
18/03/2008 06:22,18/03/2008 06:22,24,1
18/03/2008 06:22,18/03/2008 06:24,24,1
18/03/2008 06:23,18/03/2008 06:23,6,1
18/03/2008 06:23,18/03/2008 06:23,14,1
18/03/2008 06:23,18/03/2008 06:23,6,1
18/03/2008 07:48,18/03/2008 07:48,24,1
18/03/2008 07:48,19/03/2008 00:43,24,1
18/03/2008 08:15,18/03/2008 08:15,6,1
18/03/2008 08:16,18/03/2008 08:16,14,1
18/03/2008 08:18,18/03/2008 08:18,14,1
18/03/2008 08:18,18/03/2008 18:01,6,1
18/03/2008 08:18,18/03/2008 08:18,14,1
18/03/2008 08:19,18/03/2008 08:19,14,1
18/03/2008 08:19,18/03/2008 08:19,5,1
18/03/2008 08:20,18/03/2008 08:20,9,1
18/03/2008 08:20,18/03/2008 08:20,17,1
18/03/2008 08:21,18/03/2008 08:21,17,1
18/03/2008 08:21,18/03/2008 08:21,1,1
18/03/2008 08:22,18/03/2008 08:22,1,1
18/03/2008 08:22,18/03/2008 08:22,8,1
18/03/2008 08:23,18/03/2008 08:23,8,1
18/03/2008 08:39,18/03/2008 08:39,5,1
18/03/2008 08:52,18/03/2008 08:52,5,1
18/03/2008 08:52,18/03/2008 18:01,5,1
18/03/2008 09:15,18/03/2008 09:15,12,1
18/03/2008 18:00,18/03/2008 18:00,12,1
18/03/2008 18:07,18/03/2008 18:07,14,1
18/03/2008 18:07,18/03/2008 18:07,14,1
18/03/2008 18:08,18/03/2008 18:08,6,1
18/03/2008 18:21,18/03/2008 18:21,6,1
18/03/2008 18:22,18/03/2008 18:23,14,1
18/03/2008 18:23,18/03/2008 18:23,6,1
18/03/2008 18:25,18/03/2008 18:25,12,1
18/03/2008 23:39,18/03/2008 23:39,12,1
18/03/2008 23:39,18/03/2008 23:39,12,1
19/03/2008 00:40,19/03/2008 00:40,6,1
19/03/2008 00:41,19/03/2008 07:51,6,1
19/03/2008 00:42,19/03/2008 07:51,5,1
19/03/2008 07:50,19/03/2008 07:50,24,1
19/03/2008 07:51,19/03/2008 07:52,24,1
19/03/2008 07:51,19/03/2008 07:51,6,1
19/03/2008 07:51,19/03/2008 07:51,5,1
19/03/2008 07:51,19/03/2008 09:49,5,1
19/03/2008 08:43,19/03/2008 08:43,24,1
19/03/2008 08:43,19/03/2008 21:54,24,1
19/03/2008 09:38,19/03/2008 09:38,8,1
19/03/2008 09:38,19/03/2008 09:38,23,1
19/03/2008 09:38,19/03/2008 09:38,17,1
19/03/2008 09:39,19/03/2008 09:39,8,1
19/03/2008 09:39,19/03/2008 09:39,1,1
19/03/2008 09:39,19/03/2008 09:39,17,1
19/03/2008 09:39,19/03/2008 09:39,7,1
19/03/2008 09:40,19/03/2008 09:40,1,1
19/03/2008 09:48,19/03/2008 09:48,6,1
19/03/2008 09:49,19/03/2008 09:49,14,1
19/03/2008 09:49,19/03/2008 09:49,6,1
19/03/2008 09:49,19/03/2008 09:49,14,1
19/03/2008 09:58,19/03/2008 09:58,5,1
19/03/2008 09:58,19/03/2008 17:19,5,1
19/03/2008 10:09,19/03/2008 10:09,12,1
19/03/2008 10:09,19/03/2008 10:09,12,1
19/03/2008 17:15,19/03/2008 17:15,12,1
19/03/2008 17:19,19/03/2008 17:20,5,1
19/03/2008 17:21,19/03/2008 21:49,5,1
19/03/2008 17:26,19/03/2008 17:26,12,1
19/03/2008 20:19,19/03/2008 20:19,12,1
19/03/2008 20:46,19/03/2008 20:46,6,1
19/03/2008 20:48,19/03/2008 20:48,14,1
19/03/2008 20:48,19/03/2008 20:48,6,1
19/03/2008 21:19,19/03/2008 21:20,7,1
19/03/2008 21:20,19/03/2008 21:20,23,1
19/03/2008 21:49,19/03/2008 21:49,6,1
19/03/2008 21:51,19/03/2008 21:51,14,1
19/03/2008 21:51,19/03/2008 21:51,6,1
19/03/2008 21:51,19/03/2008 21:51,6,1
19/03/2008 21:51,19/03/2008 21:51,6,1
19/03/2008 21:51,19/03/2008 21:51,6,1
19/03/2008 21:51,19/03/2008 21:51,6,1
19/03/2008 21:52,19/03/2008 21:52,6,1
19/03/2008 21:52,19/03/2008 21:52,6,1
19/03/2008 21:53,19/03/2008 21:53,5,1
19/03/2008 21:53,19/03/2008 21:53,6,1
19/03/2008 21:54,19/03/2008 21:54,5,1
20/03/2008 00:34,20/03/2008 00:34,24,1
20/03/2008 00:34,20/03/2008 00:36,24,1
20/03/2008 00:35,20/03/2008 00:35,6,1
20/03/2008 00:35,20/03/2008 00:35,14,1
20/03/2008 00:35,20/03/2008 00:35,6,1
20/03/2008 00:35,20/03/2008 00:35,14,1
20/03/2008 06:57,20/03/2008 06:57,24,1
20/03/2008 06:57,20/03/2008 06:57,24,1
20/03/2008 06:57,20/03/2008 06:57,6,1
20/03/2008 06:58,20/03/2008 06:58,24,1
20/03/2008 06:58,20/03/2008 06:58,14,1
20/03/2008 06:58,20/03/2008 06:58,6,1
20/03/2008 08:31,20/03/2008 08:31,24,1
20/03/2008 08:31,21/03/2008 00:00,24,1
20/03/2008 08:45,20/03/2008 08:45,6,1
20/03/2008 08:46,20/03/2008 08:46,14,1
20/03/2008 08:46,20/03/2008 08:47,6,1
20/03/2008 09:12,20/03/2008 09:12,9,1
20/03/2008 09:12,20/03/2008 09:12,17,1
20/03/2008 09:12,20/03/2008 09:12,9,1
20/03/2008 09:12,20/03/2008 09:12,9,1
20/03/2008 09:12,20/03/2008 09:12,1,1
20/03/2008 09:12,20/03/2008 09:12,17,1
20/03/2008 09:13,20/03/2008 09:13,1,1
20/03/2008 09:14,20/03/2008 09:14,23,1
20/03/2008 09:14,20/03/2008 09:14,8,1
20/03/2008 09:14,20/03/2008 09:15,8,1
20/03/2008 09:42,20/03/2008 09:42,5,1
20/03/2008 09:42,20/03/2008 09:43,5,1
20/03/2008 09:43,20/03/2008 09:43,5,1
20/03/2008 09:49,20/03/2008 09:49,5,1
20/03/2008 09:49,20/03/2008 22:51,5,1
20/03/2008 09:57,20/03/2008 09:57,12,1
20/03/2008 22:49,20/03/2008 22:49,12,1
20/03/2008 22:49,20/03/2008 22:49,12,1
20/03/2008 22:51,20/03/2008 22:51,5,1
20/03/2008 22:51,20/03/2008 22:51,6,1
20/03/2008 22:52,20/03/2008 22:52,14,1
20/03/2008 22:55,20/03/2008 22:55,14,1
20/03/2008 22:55,20/03/2008 22:55,6,1
20/03/2008 22:55,20/03/2008 22:55,5,1
20/03/2008 23:36,20/03/2008 23:36,6,1
20/03/2008 23:40,20/03/2008 23:40,14,1
20/03/2008 23:40,20/03/2008 23:40,6,1
20/03/2008 23:40,20/03/2008 23:41,5,1
20/03/2008 23:56,20/03/2008 23:56,5,1
20/03/2008 23:56,20/03/2008 23:58,5,1
20/03/2008 23:58,20/03/2008 23:58,6,1
20/03/2008 23:58,20/03/2008 23:58,6,1
20/03/2008 23:59,20/03/2008 23:59,14,1
20/03/2008 23:59,20/03/2008 23:59,6,1
20/03/2008 23:59,20/03/2008 23:59,5,1
21/03/2008 00:00,21/03/2008 00:00,24,1
21/03/2008 03:49,21/03/2008 03:49,24,1
21/03/2008 03:49,21/03/2008 03:50,6,1
21/03/2008 03:49,21/03/2008 03:50,24,1
21/03/2008 03:50,21/03/2008 03:50,14,1
21/03/2008 08:30,21/03/2008 08:31,24,1
21/03/2008 08:31,21/03/2008 08:31,6,1
21/03/2008 08:31,21/03/2008 08:31,14,1
21/03/2008 08:31,21/03/2008 08:31,6,1
21/03/2008 09:04,21/03/2008 09:04,24,1
21/03/2008 09:04,21/03/2008 17:03,24,1
21/03/2008 09:13,21/03/2008 09:13,6,1
21/03/2008 09:14,21/03/2008 09:14,14,1
21/03/2008 09:14,21/03/2008 09:15,6,1
21/03/2008 09:17,21/03/2008 09:17,5,1
21/03/2008 09:24,21/03/2008 09:24,5,1
21/03/2008 09:24,21/03/2008 15:51,5,1
21/03/2008 09:42,21/03/2008 09:42,12,1
21/03/2008 15:50,21/03/2008 15:50,12,1
21/03/2008 15:52,21/03/2008 15:52,6,1
21/03/2008 15:52,21/03/2008 15:52,14,1
21/03/2008 15:52,21/03/2008 15:53,6,1
21/03/2008 15:53,21/03/2008 15:53,5,1
21/03/2008 15:54,21/03/2008 18:24,5,1
21/03/2008 15:57,21/03/2008 15:58,23,1
21/03/2008 15:57,21/03/2008 15:57,8,1
21/03/2008 17:03,21/03/2008 17:03,24,1
21/03/2008 17:06,21/03/2008 17:06,24,1
21/03/2008 17:06,21/03/2008 17:08,24,1
21/03/2008 18:05,21/03/2008 18:05,24,1
21/03/2008 18:24,21/03/2008 18:24,5,1
21/03/2008 18:24,21/03/2008 18:24,5,1
21/03/2008 18:24,21/03/2008 18:24,5,1
21/03/2008 18:25,21/03/2008 18:25,6,1
21/03/2008 18:27,21/03/2008 18:27,8,1
21/03/2008 18:27,21/03/2008 18:27,8,1
21/03/2008 18:28,21/03/2008 18:28,8,1
21/03/2008 18:28,21/03/2008 18:28,17,1
21/03/2008 19:11,21/03/2008 19:11,12,1
23/03/2008 19:04,23/03/2008 19:04,12,1