Start time,End time,Hall-Bedroom door,Hall-Bathroom door,ToiletFlush,Plates cupboard,Fridge,Microwave,Groceries Cupboard,Hall-Toilet door,Frontdoor,Cups cupboard,Pans Cupboard,Freezer,Dishwasher,Washingmachine,Label,Label_ID
2008-02-25 09:33:00,2008-02-25 09:33:00,1,,,,,,,,,,,,,,go to bed,10
2008-02-25 09:33:00,2008-02-25 09:37:00,1,1,,,,,,,,,,,,,go to bed,10
2008-02-25 09:33:00,2008-02-25 09:37:00,1,1,1,,,,,,,,,,,,use toilet,4
2008-02-25 09:33:00,2008-02-25 09:37:00,1,1,2,,,,,,,,,,,,use toilet,4
2008-02-25 09:33:00,2008-02-25 09:38:00,1,2,2,,,,,,,,,,,,use toilet,4
2008-02-25 09:33:00,2008-02-25 09:49:00,1,2,2,1,,,,,,,,,,,use toilet,4
2008-02-25 09:33:00,2008-02-25 09:49:00,1,2,2,2,,,,,,,,,,,use toilet,4
2008-02-25 09:37:00,2008-02-25 09:49:00,,2,2,2,1,,,,,,,,,,use toilet,4
2008-02-25 09:37:00,2008-02-25 09:49:00,,1,2,2,2,,,,,,,,,,prepare Breakfast,13
2008-02-25 09:37:00,2008-02-25 09:50:00,,1,1,2,2,1,,,,,,,,,prepare Breakfast,13
2008-02-25 09:37:00,2008-02-25 09:50:00,,1,,2,2,1,1,,,,,,,,prepare Breakfast,13
2008-02-25 09:49:00,2008-02-25 09:53:00,,,,2,2,2,1,,,,,,,,prepare Breakfast,13
2008-02-25 09:49:00,2008-02-25 09:53:00,,,,1,2,2,2,,,,,,,,prepare Breakfast,13
2008-02-25 09:49:00,2008-02-25 10:02:00,,,,,2,2,2,1,,,,,,,prepare Breakfast,13
2008-02-25 09:49:00,2008-02-25 10:10:00,,,,,1,2,2,2,,,,,,,prepare Breakfast,13
2008-02-25 09:49:00,2008-02-25 10:19:00,,,,,,2,2,2,1,,,,,,prepare Breakfast,13
2008-02-25 09:50:00,2008-02-25 16:54:00,,,,,,1,2,2,2,,,,,,prepare Breakfast,13
2008-02-25 09:52:00,2008-02-25 17:00:00,,1,,,,1,1,2,2,,,,,,prepare Breakfast,13
2008-02-25 09:53:00,2008-02-25 17:01:00,,1,1,,,,1,2,2,,,,,,take shower,5
2008-02-25 10:02:00,2008-02-25 17:01:00,,2,1,,,,,2,2,,,,,,use toilet,4
2008-02-25 10:10:00,2008-02-25 17:55:00,,2,1,,1,,,1,2,,,,,,use toilet,4
2008-02-25 10:19:00,2008-02-25 17:55:00,,2,1,,2,,,,2,,,,,,use toilet,4
2008-02-25 16:54:00,2008-02-25 17:55:00,,2,1,,2,,,,1,1,,,,,use toilet,4
2008-02-25 17:00:00,2008-02-25 17:55:00,,2,1,,2,,,,,2,,,,,get drink,17
2008-02-25 17:01:00,2008-02-25 17:55:00,,1,1,,2,,,,,3,,,,,get drink,17
2008-02-25 17:01:00,2008-02-25 17:55:00,,1,,,3,,,,,3,,,,,get drink,17
2008-02-25 17:55:00,2008-02-25 17:55:00,,,,,4,,,,,3,,,,,get drink,17
2008-02-25 17:55:00,2008-02-25 18:32:00,,1,,,3,,,,,3,,,,,get drink,17
2008-02-25 17:55:00,2008-02-25 18:32:00,,2,,,2,,,,,3,,,,,get drink,17
2008-02-25 17:55:00,2008-02-25 18:33:00,,2,1,,2,,,,,2,,,,,get drink,17
2008-02-25 17:55:00,2008-02-25 18:33:00,,3,1,,2,,,,,1,,,,,use toilet,4
2008-02-25 17:55:00,2008-02-25 19:40:00,,3,1,,2,,1,,,,,,,,use toilet,4
2008-02-25 17:55:00,2008-02-25 19:40:00,,3,1,,2,,1,,,,,,,,use toilet,4
2008-02-25 18:31:00,2008-02-25 19:41:00,,3,1,,2,,1,,,,,,,,use toilet,4
2008-02-25 18:32:00,2008-02-25 19:41:00,,2,1,,3,,1,,,,,,,,prepare Dinner,15
2008-02-25 18:33:00,2008-02-25 19:41:00,,1,1,,4,,1,,,,,,,,prepare Dinner,15
2008-02-25 18:33:00,2008-02-25 19:41:00,,1,,,5,,1,,,,,,,,prepare Dinner,15
2008-02-25 19:40:00,2008-02-25 19:43:00,,,,,5,,2,,,,,,,,prepare Dinner,15
2008-02-25 19:40:00,2008-02-25 19:47:00,,,,,6,,1,,,,,,,,prepare Dinner,15
2008-02-25 19:41:00,2008-02-25 19:54:00,,,,1,5,,1,,,,,,,,prepare Dinner,15
2008-02-25 19:41:00,2008-02-25 19:56:00,,,,1,4,,1,,,,1,,,,prepare Dinner,15
2008-02-25 19:41:00,2008-02-25 19:56:00,,,,1,3,,1,,,1,1,,,,prepare Dinner,15
2008-02-25 19:41:00,2008-02-25 19:56:00,,,,1,2,,1,,,2,1,,,,prepare Dinner,15
2008-02-25 19:41:00,2008-02-25 19:57:00,,,,1,1,,1,,,2,1,1,,,prepare Dinner,15
2008-02-25 19:47:00,2008-02-25 20:00:00,,,,1,2,,,,,2,1,1,,,prepare Dinner,15
2008-02-25 19:54:00,2008-02-25 20:00:00,,,,1,2,,,,,2,1,1,,,prepare Dinner,15
2008-02-25 19:56:00,2008-02-25 20:01:00,,,,,3,,,,,2,1,1,,,prepare Dinner,15
2008-02-25 19:56:00,2008-02-25 20:01:00,,,,1,3,,,,,2,,1,,,prepare Dinner,15
2008-02-25 19:56:00,2008-02-25 20:04:00,,,,1,3,1,,,,1,,1,,,prepare Dinner,15
2008-02-25 19:57:00,2008-02-25 20:10:00,,,,1,3,2,,,,,,1,,,prepare Dinner,15
2008-02-25 20:00:00,2008-02-25 20:10:00,,,,1,4,2,,,,,,,,,prepare Dinner,15
2008-02-25 20:00:00,2008-02-25 20:18:00,,,,1,4,2,,,,,,,,,prepare Dinner,15
2008-02-25 20:01:00,2008-02-25 20:19:00,,,,2,3,2,,,,,,,,,prepare Dinner,15
2008-02-25 20:01:00,2008-02-25 20:20:00,,,,2,3,2,,,,,,,,,prepare Dinner,15
2008-02-25 20:04:00,2008-02-25 20:23:00,,,,1,4,2,,,,,,,,,prepare Dinner,15
2008-02-25 20:04:00,2008-02-25 20:23:00,,,,1,5,1,,,,,,,,,prepare Dinner,15
2008-02-25 20:10:00,2008-02-25 21:51:00,,1,,1,5,,,,,,,,,,prepare Dinner,15
2008-02-25 20:18:00,2008-02-25 21:51:00,,2,,1,4,,,,,,,,,,prepare Dinner,15
2008-02-25 20:19:00,2008-02-25 21:52:00,,2,1,1,3,,,,,,,,,,use toilet,4
2008-02-25 20:20:00,2008-02-25 21:52:00,,3,1,,3,,,,,,,,,,use toilet,4
2008-02-25 20:23:00,2008-02-25 23:24:00,,3,1,,2,,,1,,,,,,,use toilet,4
2008-02-25 20:23:00,2008-02-25 23:28:00,,4,1,,1,,,1,,,,,,,use toilet,4
2008-02-25 21:51:00,2008-02-25 23:28:00,,5,1,,,,,1,,,,,,,use toilet,4
2008-02-25 21:51:00,2008-02-25 23:29:00,,5,1,,,,,1,,,,,,,use toilet,4
2008-02-25 21:52:00,2008-02-26 00:39:00,,4,1,,,,,2,,,,,,,use toilet,4
2008-02-25 21:52:00,2008-02-26 00:39:00,,4,,,,,,3,,,,,,,use toilet,4
2008-02-25 23:22:00,2008-02-26 00:39:00,,3,,,,,,4,,,,,,,use toilet,4
2008-02-25 23:28:00,2008-02-26 00:39:00,,3,,,,,,4,,,,,,,use toilet,4
2008-02-25 23:28:00,2008-02-26 00:39:00,,2,1,,,,,4,,,,,,,use toilet,4
2008-02-25 23:28:00,2008-02-26 00:39:00,,1,1,,,,,5,,,,,,,use toilet,4
2008-02-26 00:39:00,2008-02-26 03:13:00,,1,1,,,,,5,,,,,,,use toilet,4
2008-02-26 00:39:00,2008-02-26 03:14:00,,1,2,,,,,4,,,,,,,use toilet,4
2008-02-26 00:39:00,2008-02-26 03:14:00,,2,2,,,,,3,,,,,,,use toilet,4
2008-02-26 00:39:00,2008-02-26 08:35:00,1,2,2,,,,,2,,,,,,,use toilet,4
2008-02-26 00:39:00,2008-02-26 08:36:00,1,3,2,,,,,1,,,,,,,use toilet,4
2008-02-26 00:39:00,2008-02-26 08:36:00,2,3,1,,,,,1,,,,,,,use toilet,4
2008-02-26 03:13:00,2008-02-26 08:36:00,3,3,1,,,,,,,,,,,,use toilet,4
2008-02-26 03:14:00,2008-02-26 08:36:00,3,3,1,,,,,,,,,,,,use toilet,4
2008-02-26 03:14:00,2008-02-26 09:15:00,4,3,,,,,,,,,,,,,use toilet,4
2008-02-26 08:35:00,2008-02-26 09:15:00,4,3,,,,,,,,,,,,,use toilet,4
2008-02-26 08:36:00,2008-02-26 09:18:00,3,4,,,,,,,,,,,,,use toilet,4
2008-02-26 08:36:00,2008-02-26 09:18:00,3,3,1,,,,,,,,,,,,use toilet,4
2008-02-26 08:36:00,2008-02-26 09:26:00,2,3,1,1,,,,,,,,,,,use toilet,4
2008-02-26 08:36:00,2008-02-26 09:26:00,1,3,1,1,,,1,,,,,,,,use toilet,4
2008-02-26 09:15:00,2008-02-26 09:27:00,1,2,1,1,,,2,,,,,,,,use toilet,4
2008-02-26 09:15:00,2008-02-26 09:28:00,,2,1,1,1,,2,,,,,,,,prepare Breakfast,13
2008-02-26 09:18:00,2008-02-26 09:29:00,,1,1,1,2,,2,,,,,,,,prepare Breakfast,13
2008-02-26 09:18:00,2008-02-26 09:48:00,,,1,1,2,,2,1,,,,,,,prepare Breakfast,13
2008-02-26 09:26:00,2008-02-26 09:48:00,,,,1,2,,2,2,,,,,,,prepare Breakfast,13
2008-02-26 09:26:00,2008-02-26 09:58:00,,,,,2,,2,3,,,,,,,prepare Breakfast,13
2008-02-26 09:27:00,2008-02-26 10:06:00,,,,,2,,1,3,1,,,,,,prepare Breakfast,13
2008-02-26 09:28:00,2008-02-26 20:31:00,,,,,2,,,3,2,,,,,,take shower,5
2008-02-26 09:28:00,2008-02-26 20:31:00,,,,,1,,,3,3,,,,,,take shower,5
2008-02-26 09:48:00,2008-02-26 21:02:00,,1,,,,,,3,3,,,,,,take shower,5
2008-02-26 09:48:00,2008-02-26 21:03:00,,1,1,,,,,2,3,,,,,,leave house,1
2008-02-26 09:58:00,2008-02-26 21:03:00,,2,1,,,,,1,3,,,,,,leave house,1
2008-02-26 10:06:00,2008-02-26 21:39:00,,2,1,,1,,,,3,,,,,,leave house,1
2008-02-26 20:31:00,2008-02-26 21:39:00,,2,1,,2,,,,2,,,,,,use toilet,4
2008-02-26 20:31:00,2008-02-26 21:40:00,,2,1,,2,,,,1,1,,,,,use toilet,4
2008-02-26 21:02:00,2008-02-26 21:40:00,,2,1,,3,,,,,1,,,,,get drink,17
2008-02-26 21:03:00,2008-02-26 22:56:00,,2,1,,3,,,,,1,,,,,get drink,17
2008-02-26 21:03:00,2008-02-26 22:57:00,,2,1,,3,,,,,1,,,,,get drink,17
2008-02-26 21:39:00,2008-02-26 22:58:00,,2,1,,3,,,,,1,,,,,get drink,17
2008-02-26 21:39:00,2008-02-26 22:58:00,,3,1,,2,,,,,1,,,,,use toilet,4
2008-02-26 21:40:00,2008-02-26 22:58:00,,4,1,,1,,,,,1,,,,,use toilet,4
2008-02-26 21:40:00,2008-02-26 22:58:00,,5,1,,1,,,,,,,,,,use toilet,4
2008-02-26 22:56:00,2008-02-26 22:58:00,,6,1,,,,,,,,,,,,use toilet,4
2008-02-26 22:57:00,2008-02-27 05:29:00,,6,1,,,,,,,,,,,,use toilet,4
2008-02-26 22:58:00,2008-02-27 05:30:00,1,6,,,,,,,,,,,,,use toilet,4
2008-02-26 22:58:00,2008-02-27 05:29:00,1,6,,,,,,,,,,,,,use toilet,4
2008-02-26 22:58:00,2008-02-27 05:30:00,1,5,1,,,,,,,,,,,,use toilet,4
2008-02-26 22:58:00,2008-02-27 05:30:00,1,5,1,,,,,,,,,,,,use toilet,4
2008-02-26 22:58:00,2008-02-27 08:01:00,1,4,1,1,,,,,,,,,,,use toilet,4
2008-02-27 05:29:00,2008-02-27 08:01:00,1,3,1,1,,,1,,,,,,,,use toilet,4
2008-02-27 05:29:00,2008-02-27 08:01:00,1,2,1,1,1,,1,,,,,,,,use toilet,4
2008-02-27 05:29:00,2008-02-27 08:02:00,,2,1,1,2,,1,,,,,,,,prepare Breakfast,13
2008-02-27 05:30:00,2008-02-27 08:13:00,,2,1,1,2,,1,,,,,,,,prepare Breakfast,13
2008-02-27 05:30:00,2008-02-27 08:14:00,,3,,1,2,,1,,,,,,,,prepare Breakfast,13
2008-02-27 08:01:00,2008-02-27 08:15:00,,2,1,1,2,,1,,,,,,,,prepare Breakfast,13
2008-02-27 08:01:00,2008-02-27 08:15:00,,3,1,,2,,1,,,,,,,,use toilet,4
2008-02-27 08:01:00,2008-02-27 08:26:00,,3,1,,2,,,1,,,,,,,use toilet,4
2008-02-27 08:01:00,2008-02-27 08:26:00,,3,1,,1,,,2,,,,,,,use toilet,4
2008-02-27 08:13:00,2008-02-27 08:34:00,,3,1,,,,,2,1,,,,,,use toilet,4
2008-02-27 08:13:00,2008-02-27 18:58:00,,2,1,,,,,2,2,,,,,,use toilet,4
2008-02-27 08:15:00,2008-02-27 19:01:00,,1,1,,,,1,2,2,,,,,,use toilet,4
2008-02-27 08:15:00,2008-02-27 19:00:00,,1,,,1,,1,2,2,,,,,,take shower,5
2008-02-27 08:26:00,2008-02-27 19:02:00,,,,,1,,1,2,2,,1,,,,prepare Dinner,15
2008-02-27 08:26:00,2008-02-27 19:02:00,,,,,2,,1,1,2,,1,,,,prepare Dinner,15
2008-02-27 08:34:00,2008-02-27 19:03:00,,,,,2,,1,,2,,1,1,,,prepare Dinner,15
2008-02-27 18:58:00,2008-02-27 19:05:00,,,,,3,,1,,1,,1,1,,,prepare Dinner,15
2008-02-27 18:59:00,2008-02-27 19:05:00,,,,,4,,1,,,,1,1,,,prepare Dinner,15
2008-02-27 19:00:00,2008-02-27 19:08:00,,,,,5,,,,,,1,1,,,prepare Dinner,15
2008-02-27 19:02:00,2008-02-27 19:09:00,,,,1,4,,,,,,1,1,,,prepare Dinner,15
2008-02-27 19:02:00,2008-02-27 19:16:00,,,,2,4,,,,,,,1,,,prepare Dinner,15
2008-02-27 19:03:00,2008-02-27 19:19:00,,,,2,3,,,,,1,,1,,,prepare Dinner,15
2008-02-27 19:05:00,2008-02-27 19:19:00,,,,2,3,,,,,2,,,,,prepare Dinner,15
2008-02-27 19:05:00,2008-02-27 19:20:00,,,,2,3,,,,,2,,,,,prepare Dinner,15
2008-02-27 19:08:00,2008-02-27 23:03:00,,1,,2,2,,,,,2,,,,,prepare Dinner,15
2008-02-27 19:09:00,2008-02-27 23:05:00,,1,1,2,1,,,,,2,,,,,prepare Dinner,15
2008-02-27 19:16:00,2008-02-27 23:05:00,,2,1,1,1,,,,,2,,,,,use toilet,4
2008-02-27 19:19:00,2008-02-28 00:13:00,,3,1,,1,,,,,2,,,,,use toilet,4
2008-02-27 19:19:00,2008-02-28 00:13:00,,3,2,,1,,,,,1,,,,,use toilet,4
2008-02-27 19:19:00,2008-02-28 00:13:00,,4,2,,1,,,,,,,,,,use toilet,4
2008-02-27 23:03:00,2008-02-28 00:13:00,,5,2,,,,,,,,,,,,use toilet,4
2008-02-27 23:05:00,2008-02-28 00:13:00,,5,2,,,,,,,,,,,,use toilet,4
2008-02-27 23:05:00,2008-02-28 00:16:00,,5,1,,,,,1,,,,,,,use toilet,4
2008-02-28 00:11:00,2008-02-28 00:20:00,1,4,1,,,,,1,,,,,,,use toilet,4
2008-02-28 00:13:00,2008-02-28 07:05:00,2,3,1,,,,,1,,,,,,,use toilet,4
2008-02-28 00:13:00,2008-02-28 07:06:00,2,4,,,,,,1,,,,,,,go to bed,10
2008-02-28 00:13:00,2008-02-28 07:06:00,2,4,,,,,,1,,,,,,,go to bed,10
2008-02-28 00:13:00,2008-02-28 07:07:00,2,3,1,,,,,1,,,,,,,go to bed,10
2008-02-28 00:16:00,2008-02-28 07:07:00,2,3,1,,,,,1,,,,,,,go to bed,10
2008-02-28 00:20:00,2008-02-28 09:48:00,3,3,1,,,,,,,,,,,,use toilet,4
2008-02-28 07:05:00,2008-02-28 09:49:00,2,4,1,,,,,,,,,,,,use toilet,4
2008-02-28 07:06:00,2008-02-28 09:49:00,1,5,1,,,,,,,,,,,,use toilet,4
2008-02-28 07:06:00,2008-02-28 09:49:00,1,4,2,,,,,,,,,,,,use toilet,4
2008-02-28 07:07:00,2008-02-28 09:49:00,1,4,2,,,,,,,,,,,,use toilet,4
2008-02-28 07:07:00,2008-02-28 09:49:00,1,4,2,,,,,,,,,,,,use toilet,4
2008-02-28 09:48:00,2008-02-28 09:50:00,1,3,2,1,,,,,,,,,,,use toilet,4
2008-02-28 09:48:00,2008-02-28 09:50:00,,3,2,1,,,1,,,,,,,,prepare Breakfast,13
2008-02-28 09:49:00,2008-02-28 09:50:00,,2,2,1,,,2,,,,,,,,prepare Breakfast,13
2008-02-28 09:49:00,2008-02-28 09:50:00,,1,2,1,,,3,,,,,,,,prepare Breakfast,13
2008-02-28 09:49:00,2008-02-28 09:50:00,,1,1,1,,,4,,,,,,,,prepare Breakfast,13
2008-02-28 09:49:00,2008-02-28 09:50:00,,,1,1,,,5,,,,,,,,prepare Breakfast,13
2008-02-28 09:50:00,2008-02-28 09:51:00,,,,1,,,6,,,,,,,,prepare Breakfast,13
2008-02-28 09:50:00,2008-02-28 09:51:00,,,,,,,7,,,,,,,,prepare Breakfast,13
2008-02-28 09:50:00,2008-02-28 09:51:00,,,,,1,,6,,,,,,,,prepare Breakfast,13
2008-02-28 09:50:00,2008-02-28 10:35:00,,1,,,1,,5,,,,,,,,prepare Breakfast,13
2008-02-28 09:50:00,2008-02-28 10:37:00,,1,1,,1,,4,,,,,,,,prepare Breakfast,13
2008-02-28 09:50:00,2008-02-28 10:37:00,,2,1,,1,,3,,,,,,,,prepare Breakfast,13
2008-02-28 09:51:00,2008-02-28 10:38:00,,2,1,,1,,2,1,,,,,,,prepare Breakfast,13
2008-02-28 09:51:00,2008-02-28 10:46:00,,2,1,,1,,1,2,,,,,,,use toilet,4
2008-02-28 09:51:00,2008-02-28 10:46:00,,2,1,,1,,,3,,,,,,,use toilet,4
2008-02-28 10:35:00,2008-02-28 10:58:00,,2,1,,,,,3,1,,,,,,use toilet,4
2008-02-28 10:37:00,2008-02-28 18:34:00,,1,1,,,,,3,2,,,,,,take shower,5
2008-02-28 10:37:00,2008-02-28 18:48:00,,2,,,,,,3,2,,,,,,take shower,5
2008-02-28 10:38:00,2008-02-28 18:48:00,,1,1,,,,,3,2,,,,,,take shower,5
2008-02-28 10:46:00,2008-02-28 18:48:00,,2,1,,,,,2,2,,,,,,use toilet,4
2008-02-28 10:46:00,2008-02-28 18:53:00,,2,1,,,,,1,3,,,,,,leave house,1
2008-02-28 10:58:00,2008-02-28 21:35:00,,2,1,,,,,,4,,,,,,leave house,1
2008-02-28 18:34:00,2008-02-28 21:40:00,,3,1,,,,,,3,,,,,,use toilet,4
2008-02-28 18:48:00,2008-02-28 21:42:00,,3,2,,,,,,2,,,,,,use toilet,4
2008-02-28 18:48:00,2008-02-28 21:42:00,,3,2,,,,,,2,,,,,,use toilet,4
2008-02-28 18:48:00,2008-02-28 23:23:00,,3,1,,,,,1,2,,,,,,use toilet,4
2008-02-28 18:53:00,2008-02-28 23:23:00,,3,1,,,,,1,2,,,,,,use toilet,4
2008-02-28 21:35:00,2008-02-28 23:23:00,,4,1,,,,,1,1,,,,,,use toilet,4
2008-02-28 21:40:00,2008-02-28 23:24:00,,4,2,,,,,1,,,,,,,use toilet,4
2008-02-28 21:42:00,2008-02-28 23:24:00,,4,2,,,,,1,,,,,,,use toilet,4
2008-02-28 21:42:00,2008-02-28 23:24:00,,4,2,,,,,1,,,,,,,use toilet,4
2008-02-28 23:23:00,2008-02-28 23:24:00,,4,2,,,,,1,,,,,,,use toilet,4
2008-02-28 23:23:00,2008-02-28 23:25:00,,4,2,,,,,1,,,,,,,use toilet,4
2008-02-28 23:23:00,2008-02-29 08:03:00,1,3,2,,,,,1,,,,,,,go to bed,10
2008-02-28 23:24:00,2008-02-29 08:03:00,1,3,2,,,,,1,,,,,,,go to bed,10
2008-02-28 23:24:00,2008-02-29 08:03:00,1,4,1,,,,,1,,,,,,,go to bed,10
2008-02-28 23:24:00,2008-02-29 08:03:00,2,3,1,,,,,1,,,,,,,go to bed,10
2008-02-28 23:24:00,2008-02-29 08:03:00,2,4,,,,,,1,,,,,,,go to bed,10
2008-02-28 23:24:00,2008-02-29 08:03:00,2,4,,,,,,1,,,,,,,go to bed,10
2008-02-29 08:03:00,2008-02-29 08:04:00,3,4,,,,,,,,,,,,,use toilet,4
2008-02-29 08:03:00,2008-02-29 08:04:00,2,5,,,,,,,,,,,,,use toilet,4
2008-02-29 08:03:00,2008-02-29 10:22:00,2,4,,1,,,,,,,,,,,use toilet,4
2008-02-29 08:03:00,2008-02-29 10:23:00,2,3,,1,,,1,,,,,,,,use toilet,4
2008-02-29 08:03:00,2008-02-29 10:23:00,1,3,,1,1,,1,,,,,,,,use toilet,4
2008-02-29 08:03:00,2008-02-29 10:30:00,1,3,,1,1,,1,,,,,,,,use toilet,4
2008-02-29 08:03:00,2008-02-29 10:30:00,1,2,1,1,1,,1,,,,,,,,use toilet,4
2008-02-29 08:04:00,2008-02-29 10:30:00,,2,2,1,1,,1,,,,,,,,use toilet,4
2008-02-29 10:22:00,2008-02-29 10:30:00,,2,2,1,1,,1,,,,,,,,use toilet,4
2008-02-29 10:22:00,2008-02-29 10:30:00,,3,2,,1,,1,,,,,,,,use toilet,4
2008-02-29 10:23:00,2008-02-29 10:30:00,,3,3,,1,,,,,,,,,,use toilet,4
2008-02-29 10:30:00,2008-02-29 10:30:00,,3,4,,,,,,,,,,,,use toilet,4
2008-02-29 10:30:00,2008-02-29 10:30:00,,3,4,,,,,,,,,,,,take shower,5
2008-02-29 10:30:00,2008-02-29 10:31:00,,3,3,,,,,1,,,,,,,take shower,5
2008-02-29 10:30:00,2008-02-29 10:31:00,,3,2,,,,,2,,,,,,,take shower,5
2008-02-29 10:30:00,2008-02-29 10:38:00,,2,2,,,,,3,,,,,,,take shower,5
2008-02-29 10:30:00,2008-02-29 10:48:00,,1,2,,,,,3,1,,,,,,take shower,5
2008-02-29 10:30:00,2008-02-29 18:17:00,,1,1,,,,,3,2,,,,,,take shower,5
2008-02-29 10:30:00,2008-02-29 18:18:00,,1,,,1,,,3,2,,,,,,take shower,5
2008-02-29 10:30:00,2008-02-29 18:41:00,,,,,1,,,3,3,,,,,,leave house,1
2008-02-29 10:31:00,2008-02-29 19:20:00,,,,,1,,,2,4,,,,,,leave house,1
2008-02-29 10:38:00,2008-02-29 19:24:00,,1,,,1,,,1,4,,,,,,leave house,1
2008-02-29 10:48:00,2008-02-29 19:24:00,,1,1,,1,,,,4,,,,,,leave house,1
2008-02-29 18:17:00,2008-02-29 19:25:00,,2,1,,1,,,,3,,,,,,leave house,1
2008-02-29 18:18:00,2008-02-29 19:45:00,,2,1,,2,,,,2,,,,,,leave house,1
2008-02-29 18:41:00,2008-02-29 19:46:00,,2,1,,1,,,,2,1,,,,,use toilet,4
2008-02-29 19:20:00,2008-02-29 19:46:00,,2,1,1,1,,,,1,1,,,,,use toilet,4
2008-02-29 19:24:00,2008-02-29 19:46:00,,2,1,1,2,,,,,1,,,,,prepare Dinner,15
2008-02-29 19:24:00,2008-02-29 19:47:00,,1,1,1,2,,1,,,1,,,,,prepare Dinner,15
2008-02-29 19:25:00,2008-02-29 19:47:00,,1,,1,3,,1,,,1,,,,,prepare Dinner,15
2008-02-29 19:45:00,2008-02-29 19:49:00,,,,1,3,,1,,,1,1,,,,prepare Dinner,15
2008-02-29 19:46:00,2008-02-29 20:10:00,,,,1,3,,1,,,1,1,,,,prepare Dinner,15
2008-02-29 19:46:00,2008-02-29 20:13:00,,,,1,3,,1,,,,2,,,,prepare Dinner,15
2008-02-29 19:46:00,2008-02-29 20:38:00,,,,,3,,1,,,,3,,,,prepare Dinner,15
2008-02-29 19:47:00,2008-02-29 20:43:00,,,,,3,,1,,,,3,,,,prepare Dinner,15
2008-02-29 19:47:00,2008-02-29 20:43:00,,,,,4,,,,,,3,,,,prepare Dinner,15
2008-02-29 19:49:00,2008-02-29 20:43:00,,,,,4,,,,,,3,,,,prepare Dinner,15
2008-02-29 20:10:00,2008-02-29 20:44:00,,,,,4,,,,,,3,,,,prepare Dinner,15
2008-02-29 20:13:00,2008-02-29 20:45:00,,,,,4,,,,,,3,,,,prepare Dinner,15
2008-02-29 20:37:00,2008-02-29 20:51:00,,,,,4,,,,,1,2,,,,prepare Dinner,15
2008-02-29 20:43:00,2008-02-29 20:51:00,,,,1,4,,,,,1,1,,,,prepare Dinner,15
2008-02-29 20:43:00,2008-02-29 20:52:00,,,,1,3,,,,,1,2,,,,prepare Dinner,15
2008-02-29 20:43:00,2008-02-29 20:52:00,,,,1,2,,,,,1,3,,,,prepare Dinner,15
2008-02-29 20:44:00,2008-02-29 20:52:00,,,,1,1,,,,,1,4,,,,prepare Dinner,15
2008-02-29 20:45:00,2008-02-29 20:52:00,,,,1,1,,,,,1,4,,,,prepare Dinner,15
2008-02-29 20:51:00,2008-02-29 20:52:00,,,,1,,,,,,1,5,,,,prepare Dinner,15
2008-02-29 20:51:00,2008-02-29 20:53:00,,,,1,,,,,,,6,,,,prepare Dinner,15
2008-02-29 20:52:00,2008-02-29 20:55:00,,,,,1,,,,,,6,,,,prepare Dinner,15
2008-02-29 20:52:00,2008-02-29 20:55:00,,,,,1,,,,,,5,1,,,prepare Dinner,15
2008-02-29 20:52:00,2008-02-29 20:55:00,,,,,2,,,,,,4,1,,,prepare Dinner,15
2008-02-29 20:52:00,2008-02-29 20:59:00,,,,,2,,,,,,4,1,,,prepare Dinner,15
2008-02-29 20:52:00,2008-02-29 20:59:00,,,,,3,,,,,,3,1,,,prepare Dinner,15
2008-02-29 20:53:00,2008-02-29 22:03:00,,,,,3,,,,1,,2,1,,,prepare Dinner,15
2008-02-29 20:55:00,2008-02-29 22:03:00,,,,,3,,,,2,,1,1,,,prepare Dinner,15
2008-02-29 20:55:00,2008-03-02 19:37:00,,,,,2,,,,3,,1,1,,,prepare Dinner,15
2008-02-29 20:55:00,2008-03-02 20:37:00,,1,,,2,,,,3,,1,,,,prepare Dinner,15
2008-02-29 20:58:00,2008-03-02 20:37:00,,1,1,,1,,,,3,,1,,,,leave house,1
2008-02-29 20:59:00,2008-03-02 20:37:00,,2,1,,1,,,,3,,,,,,leave house,1
2008-02-29 22:03:00,2008-03-02 20:57:00,,2,1,,,,,,3,,,1,,,leave house,1
2008-02-29 22:03:00,2008-03-02 21:00:00,,2,1,1,,,,,2,,,1,,,use toilet,4
2008-03-02 19:37:00,2008-03-02 21:00:00,,2,1,2,,,,,1,,,1,,,use toilet,4
2008-03-02 20:37:00,2008-03-02 21:00:00,,2,1,2,,,,,,,,2,,,prepare Dinner,15
2008-03-02 20:37:00,2008-03-02 21:01:00,,1,1,2,,,,,,,,3,,,prepare Dinner,15
2008-03-02 20:37:00,2008-03-02 21:58:00,,2,,2,,,,,,,,3,,,prepare Dinner,15
2008-03-02 20:57:00,2008-03-02 21:58:00,,2,,2,,,,,,,,3,,,prepare Dinner,15
2008-03-02 21:00:00,2008-03-02 21:58:00,,3,,2,,,,,,,,2,,,prepare Dinner,15
2008-03-02 21:00:00,2008-03-02 21:58:00,,3,1,1,,,,,,,,2,,,use toilet,4
2008-03-02 21:00:00,2008-03-02 22:03:00,,4,1,,,,,,,,,2,,,use toilet,4
2008-03-02 21:01:00,2008-03-02 22:03:00,,4,2,,,,,,,,,1,,,use toilet,4
2008-03-02 21:57:00,2008-03-02 22:03:00,,5,2,,,,,,,,,,,,use toilet,4
2008-03-02 21:58:00,2008-03-02 22:03:00,,5,2,,,,,,,,,,,,use toilet,4
2008-03-02 21:58:00,2008-03-02 22:03:00,,4,3,,,,,,,,,,,,use toilet,4
2008-03-02 21:58:00,2008-03-02 22:03:00,,4,3,,,,,,,,,,,,use toilet,4
2008-03-02 22:03:00,2008-03-03 08:49:00,1,4,2,,,,,,,,,,,,go to bed,10
2008-03-02 22:03:00,2008-03-03 08:50:00,1,4,2,,,,,,,,,,,,go to bed,10
2008-03-02 22:03:00,2008-03-03 08:50:00,1,5,1,,,,,,,,,,,,go to bed,10
2008-03-02 22:03:00,2008-03-03 08:52:00,1,5,1,,,,,,,,,,,,go to bed,10
2008-03-02 22:03:00,2008-03-03 09:01:00,1,4,1,1,,,,,,,,,,,go to bed,10
2008-03-02 22:03:00,2008-03-03 09:01:00,1,4,,1,,,1,,,,,,,,go to bed,10
2008-03-03 08:49:00,2008-03-03 09:01:00,1,3,,1,,,2,,,,,,,,prepare Breakfast,13
2008-03-03 08:50:00,2008-03-03 09:02:00,,3,,2,,,2,,,,,,,,prepare Breakfast,13
2008-03-03 08:50:00,2008-03-03 09:02:00,,2,,2,,,3,,,,,,,,prepare Breakfast,13
2008-03-03 08:52:00,2008-03-03 09:02:00,,1,,2,1,,3,,,,,,,,prepare Breakfast,13
2008-03-03 09:01:00,2008-03-03 09:02:00,,,,2,2,,3,,,,,,,,prepare Breakfast,13
2008-03-03 09:01:00,2008-03-03 09:17:00,,,,1,2,,3,1,,,,,,,prepare Breakfast,13
2008-03-03 09:01:00,2008-03-03 09:17:00,,,,1,2,,2,2,,,,,,,prepare Breakfast,13
2008-03-03 09:02:00,2008-03-03 09:31:00,,,,1,2,,1,3,,,,,,,prepare Breakfast,13
2008-03-03 09:02:00,2008-03-03 09:45:00,,,,,2,,1,3,1,,,,,,prepare Breakfast,13
2008-03-03 09:02:00,2008-03-04 09:07:00,,,,,2,,,3,2,,,,,,take shower,5
2008-03-03 09:02:00,2008-03-04 09:10:00,,1,,,1,,,3,2,,,,,,take shower,5
2008-03-03 09:17:00,2008-03-04 09:11:00,,2,,,,,,3,2,,,,,,take shower,5
2008-03-03 09:17:00,2008-03-04 09:11:00,,2,1,,,,,2,2,,,,,,use toilet,4
2008-03-03 09:31:00,2008-03-04 09:11:00,,3,1,,,,,1,2,,,,,,use toilet,4
2008-03-03 09:45:00,2008-03-04 09:16:00,,3,1,,,,,,3,,,,,,use toilet,4
2008-03-04 09:07:00,2008-03-04 18:19:00,,3,1,,,,,,3,,,,,,use toilet,4
2008-03-04 09:10:00,2008-03-04 18:20:00,,4,1,,,,,,2,,,,,,use toilet,4
2008-03-04 09:11:00,2008-03-04 18:20:00,,4,1,,,,,,2,,,,,,use toilet,4
2008-03-04 09:11:00,2008-03-04 18:22:00,,3,2,,,,,,2,,,,,,use toilet,4
2008-03-04 09:11:00,2008-03-04 18:23:00,,4,1,,,,,,2,,,,,,use toilet,4
2008-03-04 09:16:00,2008-03-04 18:30:00,,3,1,,,,,,3,,,,,,leave house,1
2008-03-04 18:19:00,2008-03-04 23:43:00,,3,1,,,,,,3,,,,,,leave house,1
2008-03-04 18:20:00,2008-03-04 23:45:00,,4,1,,,,,,2,,,,,,use toilet,4
2008-03-04 18:20:00,2008-03-04 23:52:00,,3,1,,1,,,,2,,,,,,use toilet,4
2008-03-04 18:22:00,2008-03-04 23:52:00,,2,1,,1,,,,2,1,,,,,use toilet,4
2008-03-04 18:22:00,2008-03-04 23:52:00,,2,,,2,,,,2,1,,,,,get drink,17
2008-03-04 18:30:00,2008-03-05 00:01:00,,2,,,2,,,,2,1,,,,,get drink,17
2008-03-04 23:43:00,2008-03-05 00:04:00,,2,1,,2,,,,1,1,,,,,use toilet,4
2008-03-04 23:45:00,2008-03-05 00:04:00,,2,1,,2,,,1,,1,,,,,use toilet,4
2008-03-04 23:52:00,2008-03-05 00:21:00,,2,1,,2,,,1,,1,,,,,use toilet,4
2008-03-04 23:52:00,2008-03-05 00:21:00,,2,2,,1,,,1,,1,,,,,use toilet,4
2008-03-04 23:52:00,2008-03-05 00:21:00,,2,2,,1,,,2,,,,,,,use toilet,4
2008-03-05 00:01:00,2008-03-05 00:21:00,,2,3,,,,,2,,,,,,,use toilet,4
2008-03-05 00:04:00,2008-03-05 00:21:00,,1,3,,,,,3,,,,,,,use toilet,4
2008-03-05 00:04:00,2008-03-05 05:58:00,1,1,2,,,,,3,,,,,,,use toilet,4
2008-03-05 00:20:00,2008-03-05 06:00:00,1,2,2,,,,,2,,,,,,,go to bed,10
2008-03-05 00:21:00,2008-03-05 06:00:00,1,1,3,,,,,2,,,,,,,go to bed,10
2008-03-05 00:21:00,2008-03-05 06:00:00,1,2,2,,,,,2,,,,,,,go to bed,10
2008-03-05 00:21:00,2008-03-05 06:00:00,1,2,3,,,,,1,,,,,,,go to bed,10
2008-03-05 00:21:00,2008-03-05 06:01:00,1,3,2,,,,,1,,,,,,,go to bed,10
2008-03-05 05:58:00,2008-03-05 09:29:00,1,4,2,,,,,,,,,,,,use toilet,4
2008-03-05 06:00:00,2008-03-05 09:29:00,,4,3,,,,,,,,,,,,use toilet,4
2008-03-05 06:00:00,2008-03-05 09:29:00,,4,3,,,,,,,,,,,,use toilet,4
2008-03-05 06:00:00,2008-03-05 09:29:00,,4,3,,,,,,,,,,,,use toilet,4
2008-03-05 06:00:00,2008-03-05 09:29:00,,4,3,,,,,,,,,,,,use toilet,4
2008-03-05 06:00:00,2008-03-05 09:30:00,,4,2,1,,,,,,,,,,,use toilet,4
2008-03-05 09:28:00,2008-03-05 09:30:00,,3,2,1,,,1,,,,,,,,prepare Breakfast,13
2008-03-05 09:29:00,2008-03-05 09:30:00,,2,2,1,1,,1,,,,,,,,prepare Breakfast,13
2008-03-05 09:29:00,2008-03-05 09:30:00,,2,1,1,1,,2,,,,,,,,prepare Breakfast,13
2008-03-05 09:29:00,2008-03-05 09:30:00,,1,1,1,2,,2,,,,,,,,prepare Breakfast,13
2008-03-05 09:29:00,2008-03-05 09:45:00,,1,,1,2,,2,1,,,,,,,prepare Breakfast,13
2008-03-05 09:29:00,2008-03-05 09:45:00,,,,1,2,,2,2,,,,,,,prepare Breakfast,13
2008-03-05 09:30:00,2008-03-05 09:53:00,,,,,2,,2,3,,,,,,,prepare Breakfast,13
2008-03-05 09:30:00,2008-03-05 10:12:00,,,,,2,,1,3,1,,,,,,prepare Breakfast,13
2008-03-05 09:30:00,2008-03-05 19:48:00,,,,,1,,1,3,2,,,,,,take shower,5
2008-03-05 09:30:00,2008-03-05 19:52:00,,,,,1,,,3,2,,,1,,,take shower,5
2008-03-05 09:45:00,2008-03-05 19:55:00,,,,,,,1,3,2,,,1,,,take shower,5
2008-03-05 09:45:00,2008-03-05 19:55:00,,,,1,,,1,2,2,,,1,,,prepare Dinner,15
2008-03-05 09:53:00,2008-03-05 20:13:00,,1,,1,,,1,1,2,,,1,,,prepare Dinner,15
2008-03-05 10:12:00,2008-03-05 20:13:00,,2,,1,,,1,,2,,,1,,,prepare Dinner,15
2008-03-05 19:48:00,2008-03-05 20:14:00,,2,1,1,,,1,,1,,,1,,,prepare Dinner,15
2008-03-05 19:52:00,2008-03-05 20:14:00,,3,1,1,,,1,,,,,1,,,prepare Dinner,15
2008-03-05 19:55:00,2008-03-05 23:07:00,,4,1,1,,,1,,,,,,,,use toilet,4
2008-03-05 19:55:00,2008-03-05 23:08:00,,4,2,1,,,,,,,,,,,use toilet,4
2008-03-05 20:13:00,2008-03-05 23:08:00,,5,2,,,,,,,,,,,,use toilet,4
2008-03-05 20:13:00,2008-03-05 23:32:00,,5,2,,,,,,,,,,,,use toilet,4
2008-03-05 20:14:00,2008-03-05 23:33:00,,4,3,,,,,,,,,,,,use toilet,4
2008-03-05 20:14:00,2008-03-05 23:33:00,,4,3,,,,,,,,,,,,use toilet,4
2008-03-05 23:07:00,2008-03-05 23:33:00,,3,4,,,,,,,,,,,,use toilet,4
2008-03-05 23:08:00,2008-03-05 23:33:00,,2,5,,,,,,,,,,,,use toilet,4
2008-03-05 23:08:00,2008-03-05 23:33:00,,2,5,,,,,,,,,,,,use toilet,4
2008-03-05 23:32:00,2008-03-05 23:33:00,,1,6,,,,,,,,,,,,use toilet,4
2008-03-05 23:33:00,2008-03-05 23:33:00,,,7,,,,,,,,,,,,use toilet,4
2008-03-05 23:33:00,2008-03-05 23:33:00,,,7,,,,,,,,,,,,use toilet,4
2008-03-05 23:33:00,2008-03-05 23:33:00,,,7,,,,,,,,,,,,use toilet,4
2008-03-05 23:33:00,2008-03-05 23:33:00,,,7,,,,,,,,,,,,go to bed,10
2008-03-05 23:33:00,2008-03-05 23:33:00,,,7,,,,,,,,,,,,go to bed,10
2008-03-05 23:33:00,2008-03-05 23:33:00,,,7,,,,,,,,,,,,go to bed,10
2008-03-05 23:33:00,2008-03-06 04:37:00,1,,6,,,,,,,,,,,,go to bed,10
2008-03-05 23:33:00,2008-03-06 04:38:00,1,1,5,,,,,,,,,,,,go to bed,10
2008-03-05 23:33:00,2008-03-06 04:38:00,1,2,4,,,,,,,,,,,,go to bed,10
2008-03-05 23:33:00,2008-03-06 04:38:00,1,3,3,,,,,,,,,,,,go to bed,10
2008-03-05 23:33:00,2008-03-06 04:38:00,1,4,2,,,,,,,,,,,,go to bed,10
2008-03-05 23:33:00,2008-03-06 08:39:00,1,5,1,,,,,,,,,,,,go to bed,10
2008-03-06 04:37:00,2008-03-06 08:40:00,1,6,,,,,,,,,,,,,use toilet,4
2008-03-06 04:38:00,2008-03-06 09:04:00,,6,,,,,,,,,1,,,,use toilet,4
2008-03-06 04:38:00,2008-03-06 09:04:00,,5,,,1,,,,,,1,,,,use toilet,4
2008-03-06 04:38:00,2008-03-06 09:04:00,,4,,,2,,,,,,1,,,,use toilet,4
2008-03-06 04:38:00,2008-03-06 09:04:00,,3,,,3,,,,,,1,,,,prepare Breakfast,13
2008-03-06 08:39:00,2008-03-06 09:05:00,,2,,,4,,,,,,1,,,,prepare Breakfast,13
2008-03-06 08:40:00,2008-03-06 09:05:00,,1,,1,4,,,,,,1,,,,prepare Breakfast,13
2008-03-06 09:04:00,2008-03-06 09:05:00,,,,1,5,,,,,,1,,,,prepare Breakfast,13
2008-03-06 09:04:00,2008-03-06 09:07:00,,,,1,5,,,,,,,1,,,prepare Breakfast,13
2008-03-06 09:04:00,2008-03-06 09:07:00,,,,2,4,,,,,,,1,,,prepare Breakfast,13
2008-03-06 09:04:00,2008-03-06 09:07:00,,,,2,3,,,,,,,2,,,prepare Breakfast,13
2008-03-06 09:05:00,2008-03-06 09:09:00,,,,2,2,,,,,1,,2,,,prepare Breakfast,13
2008-03-06 09:05:00,2008-03-06 09:09:00,,,,2,1,1,,,,1,,2,,,prepare Breakfast,13
2008-03-06 09:05:00,2008-03-06 09:38:00,,1,,1,1,1,,,,1,,2,,,prepare Breakfast,13
2008-03-06 09:07:00,2008-03-06 09:40:00,,1,1,1,,1,,,,1,,2,,,prepare Breakfast,13
2008-03-06 09:07:00,2008-03-06 09:42:00,,1,2,1,,1,,,,1,,1,,,prepare Breakfast,13
2008-03-06 09:07:00,2008-03-06 09:42:00,,2,2,,,1,,,,1,,1,,,use toilet,4
2008-03-06 09:09:00,2008-03-06 09:43:00,,2,2,,,1,,1,,1,,,,,use toilet,4
2008-03-06 09:09:00,2008-03-06 10:23:00,,2,2,,,1,,2,,,,,,,use toilet,4
2008-03-06 09:38:00,2008-03-06 10:23:00,,2,2,,,,,3,,,,,,,use toilet,4
2008-03-06 09:40:00,2008-03-06 10:30:00,,1,2,,,,,4,,,,,,,use toilet,4
2008-03-06 09:42:00,2008-03-06 10:30:00,,1,1,,,,,5,,,,,,,take shower,5
2008-03-06 09:42:00,2008-03-06 10:38:00,,1,,,,,,5,1,,,,,,take shower,5
2008-03-06 09:42:00,2008-03-06 17:41:00,,,,,,,,5,2,,,,,,take shower,5
2008-03-06 10:23:00,2008-03-06 17:46:00,,,,,1,,,4,2,,,,,,take shower,5
2008-03-06 10:23:00,2008-03-06 17:46:00,,,,,2,,,3,2,,,,,,take shower,5
2008-03-06 10:30:00,2008-03-06 18:52:00,,1,,,2,,,2,2,,,,,,take shower,5
2008-03-06 10:30:00,2008-03-06 18:53:00,,1,1,,2,,,1,2,,,,,,leave house,1
2008-03-06 10:38:00,2008-03-06 18:53:00,,1,2,,2,,,,2,,,,,,use toilet,4
2008-03-06 17:41:00,2008-03-06 18:53:00,,2,2,,2,,,,1,,,,,,use toilet,4
2008-03-06 17:46:00,2008-03-06 18:54:00,,2,2,,2,,1,,,,,,,,use toilet,4
2008-03-06 17:46:00,2008-03-06 18:54:00,,2,2,,1,,1,,,,,1,,,use toilet,4
2008-03-06 18:52:00,2008-03-06 19:00:00,,2,2,,,,1,,,1,,1,,,use toilet,4
2008-03-06 18:53:00,2008-03-06 19:01:00,,1,2,,,,1,,,1,1,1,,,prepare Dinner,15
2008-03-06 18:53:00,2008-03-06 19:02:00,,1,1,,,,1,,,1,2,1,,,prepare Dinner,15
2008-03-06 18:53:00,2008-03-06 19:03:00,,1,,,,,2,,,1,2,1,,,prepare Dinner,15
2008-03-06 18:54:00,2008-03-06 19:08:00,,,,,,,2,,,1,3,1,,,prepare Dinner,15
2008-03-06 18:54:00,2008-03-06 19:11:00,,,,,,,2,,,1,3,1,,,prepare Dinner,15
2008-03-06 19:00:00,2008-03-06 19:11:00,,,,1,,,2,,,1,3,,,,prepare Dinner,15
2008-03-06 19:01:00,2008-03-06 19:15:00,,,,1,1,,2,,,,3,,,,prepare Dinner,15
2008-03-06 19:01:00,2008-03-06 19:21:00,,,,1,1,,2,,,,3,,,,prepare Dinner,15
2008-03-06 19:02:00,2008-03-06 19:25:00,,,,1,1,,2,,,,3,,,,prepare Dinner,15
2008-03-06 19:08:00,2008-03-06 19:35:00,,,,2,1,,1,,,,3,,,,prepare Dinner,15
2008-03-06 19:10:00,2008-03-06 19:40:00,,,,2,2,,1,,,,2,,,,prepare Dinner,15
2008-03-06 19:11:00,2008-03-06 19:40:00,,,,2,3,,,,,,2,,,,prepare Dinner,15
2008-03-06 19:15:00,2008-03-06 21:37:00,,,,1,3,,1,,,,2,,,,prepare Dinner,15
2008-03-06 19:21:00,2008-03-06 21:37:00,,,,1,2,,1,,,1,2,,,,get drink,17
2008-03-06 19:25:00,2008-03-06 21:37:00,,,,1,3,,1,,,1,1,,,,get drink,17
2008-03-06 19:35:00,2008-03-06 22:44:00,,1,,1,3,,1,,,1,,,,,get drink,17
2008-03-06 19:40:00,2008-03-06 22:46:00,,1,1,,3,,1,,,1,,,,,get drink,17
2008-03-06 19:40:00,2008-03-06 22:46:00,,2,1,,2,,1,,,1,,,,,get drink,17
2008-03-06 21:37:00,2008-03-06 22:47:00,,2,1,,1,,1,1,,1,,,,,use toilet,4
2008-03-06 21:37:00,2008-03-06 22:47:00,,2,1,,1,,,2,,1,,,,,use toilet,4
2008-03-06 21:37:00,2008-03-06 23:17:00,,3,1,,1,,,2,,,,,,,use toilet,4
2008-03-06 22:44:00,2008-03-06 23:18:00,,4,1,,,,,2,,,,,,,use toilet,4
2008-03-06 22:46:00,2008-03-06 23:18:00,,3,2,,,,,2,,,,,,,use toilet,4
2008-03-06 22:46:00,2008-03-06 23:18:00,,4,1,,,,,2,,,,,,,use toilet,4
2008-03-06 22:46:00,2008-03-06 23:18:00,,4,1,,,,,2,,,,,,,use toilet,4
2008-03-06 22:47:00,2008-03-06 23:18:00,,4,2,,,,,1,,,,,,,use toilet,4
2008-03-06 23:17:00,2008-03-06 23:18:00,,5,2,,,,,,,,,,,,use toilet,4
2008-03-06 23:18:00,2008-03-07 06:59:00,1,4,2,,,,,,,,,,,,go to bed,10
2008-03-06 23:18:00,2008-03-07 06:59:00,2,3,2,,,,,,,,,,,,go to bed,10
2008-03-06 23:18:00,2008-03-07 07:00:00,3,3,1,,,,,,,,,,,,go to bed,10
2008-03-06 23:18:00,2008-03-07 07:00:00,3,3,1,,,,,,,,,,,,go to bed,10
2008-03-06 23:18:00,2008-03-07 07:00:00,3,3,1,,,,,,,,,,,,use toilet,4
2008-03-06 23:18:00,2008-03-07 08:44:00,3,4,,,,,,,,,,,,,use toilet,4
2008-03-07 06:59:00,2008-03-07 08:45:00,3,3,1,,,,,,,,,,,,use toilet,4
2008-03-07 06:59:00,2008-03-07 08:45:00,2,4,1,,,,,,,,,,,,use toilet,4
2008-03-07 06:59:00,2008-03-07 08:49:00,1,4,1,,1,,,,,,,,,,use toilet,4
2008-03-07 06:59:00,2008-03-07 08:49:00,,4,1,,1,,,,,1,,,,,use toilet,4
2008-03-07 07:00:00,2008-03-07 08:49:00,,3,1,,2,,,,,1,,,,,use toilet,4
2008-03-07 08:44:00,2008-03-07 08:50:00,,2,1,1,2,,,,,1,,,,,use toilet,4
2008-03-07 08:45:00,2008-03-07 08:50:00,,1,1,1,2,,1,,,1,,,,,get drink,17
2008-03-07 08:45:00,2008-03-07 08:50:00,,1,,1,3,,1,,,1,,,,,get drink,17
2008-03-07 08:49:00,2008-03-07 08:51:00,,,,1,4,,1,,,1,,,,,prepare Breakfast,13
2008-03-07 08:49:00,2008-03-07 09:07:00,,,,1,3,,1,1,,1,,,,,prepare Breakfast,13
2008-03-07 08:49:00,2008-03-07 09:29:00,,,,1,3,,1,1,1,,,,,,prepare Breakfast,13
2008-03-07 08:50:00,2008-03-07 09:29:00,,,,1,2,,1,1,2,,,,,,prepare Breakfast,13
2008-03-07 08:50:00,2008-03-08 01:07:00,,,,,2,,1,1,3,,,,,,prepare Breakfast,13
2008-03-07 08:50:00,2008-03-08 01:12:00,,,,,2,,,1,3,1,,,,,leave house,1
2008-03-07 08:51:00,2008-03-08 01:12:00,,,,,1,,,1,3,2,,,,,leave house,1
2008-03-07 09:07:00,2008-03-08 01:12:00,,,,,,,,1,3,3,,,,,leave house,1
2008-03-07 09:29:00,2008-03-08 01:12:00,,,,,,,,,3,4,,,,,get drink,17
2008-03-07 09:29:00,2008-03-08 01:12:00,,,,,,,,,2,5,,,,,get drink,17
2008-03-08 01:07:00,2008-03-08 03:21:00,,,,,,,,1,1,5,,,,,get drink,17
2008-03-08 01:12:00,2008-03-08 03:21:00,,,,,,,,2,,5,,,,,get drink,17
2008-03-08 01:12:00,2008-03-08 03:21:00,,,,,,,,3,,4,,,,,get drink,17
2008-03-08 01:12:00,2008-03-08 03:22:00,,,,,,,,4,,3,,,,,use toilet,4
2008-03-08 01:12:00,2008-03-08 03:22:00,,1,,,,,,4,,2,,,,,use toilet,4
2008-03-08 01:12:00,2008-03-08 03:23:00,,2,,,,,,4,,1,,,,,use toilet,4
2008-03-08 03:21:00,2008-03-08 03:26:00,1,2,,,,,,4,,,,,,,use toilet,4
2008-03-08 03:21:00,2008-03-08 08:20:00,2,2,,,,,,3,,,,,,,use toilet,4
2008-03-08 03:21:00,2008-03-08 08:20:00,2,3,,,,,,2,,,,,,,use toilet,4
2008-03-08 03:22:00,2008-03-08 08:20:00,3,3,,,,,,1,,,,,,,use toilet,4
2008-03-08 03:22:00,2008-03-08 08:20:00,3,4,,,,,,,,,,,,,use toilet,4
2008-03-08 03:23:00,2008-03-08 08:21:00,3,3,1,,,,,,,,,,,,use toilet,4
2008-03-08 03:26:00,2008-03-08 08:21:00,3,3,1,,,,,,,,,,,,use toilet,4
2008-03-08 08:20:00,2008-03-08 08:21:00,2,3,2,,,,,,,,,,,,use toilet,4
2008-03-08 08:20:00,2008-03-08 08:21:00,1,4,2,,,,,,,,,,,,use toilet,4
2008-03-08 08:20:00,2008-03-08 08:22:00,1,3,2,,,,,,,1,,,,,use toilet,4
2008-03-08 08:20:00,2008-03-08 08:22:00,,3,2,,1,,,,,1,,,,,get drink,17
2008-03-08 08:21:00,2008-03-08 08:22:00,,2,2,,2,,,,,1,,,,,get drink,17
2008-03-08 08:21:00,2008-03-08 08:33:00,,3,1,,2,,,,,1,,,,,get drink,17
2008-03-08 08:21:00,2008-03-08 08:35:00,,2,2,,2,,,,,1,,,,,get drink,17
2008-03-08 08:21:00,2008-03-08 08:35:00,,3,1,,2,,,,,1,,,,,get drink,17
2008-03-08 08:22:00,2008-03-08 08:35:00,,3,1,,2,,,,,1,,,,,use toilet,4
2008-03-08 08:22:00,2008-03-08 08:35:00,,3,2,,2,,,,,,,,,,use toilet,4
2008-03-08 08:22:00,2008-03-08 08:35:00,,3,3,,1,,,,,,,,,,use toilet,4
2008-03-08 08:33:00,2008-03-08 10:00:00,,4,3,,,,,,,,,,,,use toilet,4
2008-03-08 08:35:00,2008-03-08 10:01:00,,4,3,,,,,,,,,,,,use toilet,4
2008-03-08 08:35:00,2008-03-08 10:01:00,,4,3,,,,,,,,,,,,use toilet,4
2008-03-08 08:35:00,2008-03-08 10:26:00,1,3,3,,,,,,,,,,,,use toilet,4
2008-03-08 08:35:00,2008-03-08 10:26:00,2,2,3,,,,,,,,,,,,use toilet,4
2008-03-08 08:35:00,2008-03-08 10:26:00,2,2,2,,,,,,,,1,,,,use toilet,4
2008-03-08 10:00:00,2008-03-08 10:26:00,2,2,1,,,,,,,,1,,1,,go to bed,10
2008-03-08 10:00:00,2008-03-08 10:26:00,3,1,1,,,,,,,,1,,1,,go to bed,10
2008-03-08 10:01:00,2008-03-08 10:26:00,4,,1,,,,,,,,1,,1,,go to bed,10
2008-03-08 10:26:00,2008-03-08 10:26:00,4,,,,,,,,,,2,,1,,go to bed,10
2008-03-08 10:26:00,2008-03-08 10:26:00,3,,,,,,,,,,2,,2,,prepare Breakfast,13
2008-03-08 10:26:00,2008-03-08 10:27:00,2,,,1,,,,,,,2,,2,,prepare Breakfast,13
2008-03-08 10:26:00,2008-03-08 10:28:00,2,,,1,,,,,,,1,1,2,,prepare Breakfast,13
2008-03-08 10:26:00,2008-03-08 10:29:00,2,,,1,1,,,,,,1,1,1,,prepare Breakfast,13
2008-03-08 10:26:00,2008-03-08 11:12:00,1,1,,1,1,,,,,,1,1,1,,prepare Breakfast,13
2008-03-08 10:26:00,2008-03-08 11:12:00,,1,,1,1,,,1,,,1,1,1,,prepare Breakfast,13
2008-03-08 10:26:00,2008-03-08 11:15:00,,1,1,1,1,,,1,,,,1,1,,prepare Breakfast,13
2008-03-08 10:27:00,2008-03-08 11:15:00,,2,1,1,1,,,1,,,,1,,,use toilet,4
2008-03-08 10:27:00,2008-03-08 11:15:00,,2,2,,1,,,1,,,,1,,,use toilet,4
2008-03-08 10:29:00,2008-03-08 11:15:00,,3,2,,1,,,1,,,,,,,use toilet,4
2008-03-08 11:12:00,2008-03-08 11:16:00,,3,2,,,,,2,,,,,,,use toilet,4
2008-03-08 11:12:00,2008-03-08 11:22:00,,2,2,,,,,3,,,,,,,take shower,5
2008-03-08 11:15:00,2008-03-08 11:36:00,,2,2,,,,,2,1,,,,,,take shower,5
2008-03-08 11:15:00,2008-03-08 11:36:00,,2,1,,,,,2,2,,,,,,take shower,5
2008-03-08 11:15:00,2008-03-10 06:18:00,,1,1,,,,,2,3,,,,,,take shower,5
2008-03-08 11:15:00,2008-03-10 06:19:00,1,1,,,,,,2,3,,,,,,leave house,1
2008-03-08 11:15:00,2008-03-10 06:21:00,1,,,,,,,2,4,,,,,,leave house,1
2008-03-08 11:22:00,2008-03-10 08:33:00,2,,,,,,,1,4,,,,,,leave house,1
2008-03-08 11:36:00,2008-03-10 08:35:00,2,1,,,,,,,4,,,,,,leave house,1
2008-03-08 11:36:00,2008-03-10 08:35:00,2,1,1,,,,,,3,,,,,,leave house,1
2008-03-10 06:18:00,2008-03-10 08:35:00,2,2,1,,,,,,2,,,,,,use toilet,4
2008-03-10 06:19:00,2008-03-10 08:49:00,2,3,1,,,,,,1,,,,,,use toilet,4
2008-03-10 06:21:00,2008-03-10 08:51:00,1,3,2,,,,,,1,,,,,,use toilet,4
2008-03-10 08:33:00,2008-03-10 08:51:00,1,4,2,,,,,,,,,,,,use toilet,4
2008-03-10 08:35:00,2008-03-10 08:51:00,,4,2,,,,,1,,,,,,,use toilet,4
2008-03-10 08:35:00,2008-03-10 09:25:00,,3,2,,,,,2,,,,,,,use toilet,4
2008-03-10 08:35:00,2008-03-10 09:26:00,,3,1,1,,,,2,,,,,,,use toilet,4
2008-03-10 08:49:00,2008-03-10 09:26:00,,2,1,1,,,1,2,,,,,,,use toilet,4
2008-03-10 08:51:00,2008-03-10 09:26:00,,1,1,1,1,,1,2,,,,,,,prepare Breakfast,13
2008-03-10 08:51:00,2008-03-10 09:26:00,,1,,1,2,,1,2,,,,,,,prepare Breakfast,13
2008-03-10 08:51:00,2008-03-10 09:47:00,,,,1,2,,1,3,,,,,,,prepare Breakfast,13
2008-03-10 09:25:00,2008-03-10 09:55:00,,,,1,2,,1,3,,,,,,,prepare Breakfast,13
2008-03-10 09:26:00,2008-03-10 10:29:00,,,,1,2,,1,2,1,,,,,,prepare Breakfast,13
2008-03-10 09:26:00,2008-03-10 10:29:00,,,,,2,,1,2,2,,,,,,prepare Breakfast,13
2008-03-10 09:26:00,2008-03-10 10:30:00,,,,,2,,,2,3,,,,,,leave house,1
2008-03-10 09:26:00,2008-03-10 19:23:00,,,,,1,,,2,4,,,,,,leave house,1
2008-03-10 09:47:00,2008-03-10 19:25:00,,,1,,,,,2,4,,,,,,leave house,1
2008-03-10 09:55:00,2008-03-10 19:33:00,,,1,,1,,,1,4,,,,,,leave house,1
2008-03-10 10:29:00,2008-03-10 19:33:00,,,1,,2,,,,4,,,,,,leave house,1
2008-03-10 10:29:00,2008-03-10 19:33:00,,,1,,2,,1,,3,,,,,,leave house,1
2008-03-10 10:30:00,2008-03-10 19:39:00,,,1,,2,,1,,2,,,1,,,prepare Dinner,15
2008-03-10 19:23:00,2008-03-10 19:39:00,,,1,,2,,1,,1,,,2,,,prepare Dinner,15
2008-03-10 19:25:00,2008-03-10 19:41:00,,,1,,2,,2,,,,,2,,,prepare Dinner,15
2008-03-10 19:33:00,2008-03-10 19:44:00,,,,,3,,2,,,,,2,,,prepare Dinner,15
2008-03-10 19:33:00,2008-03-10 19:50:00,,,,,2,,2,,,,,3,,,prepare Dinner,15
2008-03-10 19:33:00,2008-03-10 19:50:00,,,,,1,,2,,,,,4,,,prepare Dinner,15
2008-03-10 19:39:00,2008-03-10 20:09:00,,,,1,1,,1,,,,,4,,,prepare Dinner,15
2008-03-10 19:39:00,2008-03-10 20:10:00,,,,2,1,,1,,,,,3,,,prepare Dinner,15
2008-03-10 19:40:00,2008-03-10 20:11:00,,,,2,2,,1,,,,,2,,,prepare Dinner,15
2008-03-10 19:44:00,2008-03-10 20:11:00,,,,2,3,,,,,,,2,,,prepare Dinner,15
2008-03-10 19:50:00,2008-03-10 20:11:00,,,,2,3,,,,,,,2,,,prepare Dinner,15
2008-03-10 19:50:00,2008-03-10 20:11:00,,,,2,4,,,,,,,1,,,get drink,17
2008-03-10 20:09:00,2008-03-10 20:11:00,,,,2,4,,,,,1,,,,,get drink,17
2008-03-10 20:09:00,2008-03-10 20:54:00,,,1,1,4,,,,,1,,,,,get drink,17
2008-03-10 20:11:00,2008-03-10 20:55:00,,,1,,4,,,1,,1,,,,,get drink,17
2008-03-10 20:11:00,2008-03-10 20:54:00,,,2,,3,,,1,,1,,,,,get drink,17
2008-03-10 20:11:00,2008-03-10 21:32:00,,,2,,2,,,1,,1,,1,,,get drink,17
2008-03-10 20:11:00,2008-03-10 21:32:00,,,2,,1,,,1,,1,,2,,,get drink,17
2008-03-10 20:11:00,2008-03-10 21:32:00,,,2,,1,,,1,,1,,2,,,get drink,17
2008-03-10 20:54:00,2008-03-10 21:33:00,,,2,,2,,,1,,,,2,,,get drink,17
2008-03-10 20:54:00,2008-03-10 21:33:00,,,1,,2,,,1,,1,,2,,,get drink,17
2008-03-10 20:54:00,2008-03-10 21:33:00,,,1,,2,,,,,1,,2,1,,get drink,17
2008-03-10 21:32:00,2008-03-10 22:03:00,,,1,,2,,,,,1,,2,1,,get drink,17
2008-03-10 21:32:00,2008-03-10 22:03:00,,,2,,2,,,,,1,,1,1,,get drink,17
2008-03-10 21:32:00,2008-03-11 06:51:00,1,,2,,2,,,,,1,,,1,,get drink,17
2008-03-10 21:33:00,2008-03-11 06:51:00,2,,2,,1,,,,,1,,,1,,get drink,17
2008-03-10 21:33:00,2008-03-11 06:53:00,3,,2,,,,,,,1,,,1,,use toilet,4
2008-03-10 21:33:00,2008-03-11 06:52:00,3,,3,,,,,,,,,,1,,use toilet,4
2008-03-10 22:03:00,2008-03-11 06:53:00,4,,3,,,,,,,,,,,,use toilet,4
2008-03-10 22:03:00,2008-03-11 09:01:00,4,,3,,,,,,,,,,,,use toilet,4
2008-03-11 06:51:00,2008-03-11 09:01:00,4,,3,,,,,,,,,,,,use toilet,4
2008-03-11 06:51:00,2008-03-11 09:18:00,3,,4,,,,,,,,,,,,use toilet,4
2008-03-11 06:51:00,2008-03-11 09:18:00,2,,5,,,,,,,,,,,,use toilet,4
2008-03-11 06:52:00,2008-03-11 09:18:00,1,,5,,,,,1,,,,,,,use toilet,4
2008-03-11 06:53:00,2008-03-11 09:18:00,1,,4,,,,,2,,,,,,,use toilet,4
2008-03-11 09:01:00,2008-03-11 09:18:00,,,5,,,,,2,,,,,,,use toilet,4
2008-03-11 09:01:00,2008-03-11 09:18:00,,,5,,,,,2,,,,,,,use toilet,4
2008-03-11 09:18:00,2008-03-11 09:18:00,,,4,,,,,3,,,,,,,use toilet,4
2008-03-11 09:18:00,2008-03-11 09:18:00,,,3,,,,,4,,,,,,,take shower,5
2008-03-11 09:18:00,2008-03-11 09:26:00,,,2,,,,,5,,,,,,,take shower,5
2008-03-11 09:18:00,2008-03-11 09:33:00,,,2,,,,,4,1,,,,,,take shower,5
2008-03-11 09:18:00,2008-03-11 17:57:00,,,2,,,,,3,2,,,,,,take shower,5
2008-03-11 09:18:00,2008-03-11 17:58:00,,,1,,,,,3,2,,,1,,,take shower,5
2008-03-11 09:18:00,2008-03-11 18:02:00,,,,1,,,,3,2,,,1,,,take shower,5
2008-03-11 09:18:00,2008-03-11 18:12:00,,,,1,,,,2,2,,,2,,,prepare Dinner,15
2008-03-11 09:26:00,2008-03-11 18:12:00,,,,1,,,,1,2,,,3,,,prepare Dinner,15
2008-03-11 09:33:00,2008-03-11 18:16:00,,,,1,,,,,2,1,,3,,,prepare Dinner,15
2008-03-11 17:57:00,2008-03-11 18:16:00,,,,1,1,,,,1,1,,3,,,prepare Dinner,15
2008-03-11 17:58:00,2008-03-11 18:29:00,,,,1,1,,,1,,1,,3,,,prepare Dinner,15
2008-03-11 18:02:00,2008-03-11 18:30:00,,,1,1,1,,,1,,1,,2,,,prepare Dinner,15
2008-03-11 18:12:00,2008-03-11 18:35:00,,,1,,1,,,1,1,1,,2,,,prepare Dinner,15
2008-03-11 18:12:00,2008-03-11 18:35:00,,,1,,1,,,1,2,1,,1,,,get drink,17
2008-03-11 18:16:00,2008-03-11 20:38:00,,,1,,1,,,2,2,1,,,,,leave house,1
2008-03-11 18:16:00,2008-03-11 20:41:00,,,1,,1,,,2,3,,,,,,leave house,1
2008-03-11 18:29:00,2008-03-11 20:48:00,,,1,,1,,,2,3,,,,,,leave house,1
2008-03-11 18:30:00,2008-03-11 20:48:00,,,1,,2,,,1,3,,,,,,leave house,1
2008-03-11 18:35:00,2008-03-11 20:51:00,,,,,3,,,1,3,,,,,,leave house,1
2008-03-11 18:35:00,2008-03-11 21:14:00,,,,,4,,,1,2,,,,,,get drink,17
2008-03-11 20:38:00,2008-03-11 21:14:00,,,,,4,,,1,1,1,,,,,get drink,17
2008-03-11 20:41:00,2008-03-11 21:14:00,,,,,5,,,,1,1,,,,,get drink,17
2008-03-11 20:48:00,2008-03-11 21:52:00,,,1,,5,,,,,1,,,,,get drink,17
2008-03-11 20:48:00,2008-03-11 21:52:00,,,2,,4,,,,,1,,,,,get drink,17
2008-03-11 20:51:00,2008-03-11 21:53:00,,,2,,3,,,1,,1,,,,,get drink,17
2008-03-11 21:13:00,2008-03-11 21:53:00,,,2,,2,,,2,,1,,,,,get drink,17
2008-03-11 21:14:00,2008-03-11 21:54:00,,,2,,1,,,3,,1,,,,,use toilet,4
2008-03-11 21:14:00,2008-03-12 03:04:00,1,,2,,1,,,3,,,,,,,use toilet,4
2008-03-11 21:52:00,2008-03-12 03:04:00,2,,2,,,,,3,,,,,,,use toilet,4
2008-03-11 21:52:00,2008-03-12 03:05:00,3,,1,,,,,3,,,,,,,use toilet,4
2008-03-11 21:53:00,2008-03-12 03:05:00,3,,1,,,,,3,,,,,,,use toilet,4
2008-03-11 21:53:00,2008-03-12 08:42:00,3,,2,,,,,2,,,,,,,use toilet,4
2008-03-11 21:53:00,2008-03-12 09:48:00,3,,2,,1,,,1,,,,,,,use toilet,4
2008-03-12 03:04:00,2008-03-12 09:48:00,3,,2,,2,,,,,,,,,,use toilet,4
2008-03-12 03:04:00,2008-03-12 09:49:00,2,,2,,2,,,,,,,1,,,use toilet,4
2008-03-12 03:04:00,2008-03-12 09:49:00,1,,2,1,2,,,,,,,1,,,prepare Breakfast,13
2008-03-12 03:05:00,2008-03-12 09:50:00,,,2,1,2,,,,,,,2,,,prepare Breakfast,13
2008-03-12 08:42:00,2008-03-12 09:51:00,,,1,1,3,,,,,,,2,,,prepare Breakfast,13
2008-03-12 09:48:00,2008-03-12 09:52:00,,,,1,4,,,,,,,2,,,prepare Breakfast,13
2008-03-12 09:48:00,2008-03-12 09:59:00,,,,1,3,,,,,1,,2,,,prepare Breakfast,13
2008-03-12 09:49:00,2008-03-12 09:59:00,,,,1,3,,,,,1,,2,,,prepare Breakfast,13
2008-03-12 09:49:00,2008-03-12 11:04:00,,,1,1,3,,,,,1,,1,,,prepare Breakfast,13
2008-03-12 09:50:00,2008-03-12 11:04:00,,,2,,3,,,,,1,,1,,,prepare Breakfast,13
2008-03-12 09:51:00,2008-03-12 11:10:00,,,2,,3,,,,1,1,,,,,prepare Breakfast,13
2008-03-12 09:52:00,2008-03-12 12:21:00,,,2,,2,,,,2,1,,,,,get drink,17
2008-03-12 09:59:00,2008-03-12 12:41:00,,,2,,1,,,1,2,1,,,,,get drink,17
2008-03-12 09:59:00,2008-03-12 12:54:00,,,2,,1,,,1,3,,,,,,leave house,1
2008-03-12 11:04:00,2008-03-12 12:55:00,,,2,,,,,1,4,,,,,,leave house,1
2008-03-12 11:04:00,2008-03-13 00:52:00,,,1,,,,,1,5,,,,,,leave house,1
2008-03-12 11:10:00,2008-03-13 01:18:00,,,,,,,,2,5,,,,,,leave house,1
2008-03-12 12:21:00,2008-03-13 01:20:00,,,1,,,,,2,4,,,,,,leave house,1
2008-03-12 12:41:00,2008-03-13 01:23:00,,,1,,,,,3,3,,,,,,leave house,1
2008-03-12 12:54:00,2008-03-13 06:27:00,1,,1,,,,,2,3,,,,,,leave house,1
2008-03-12 12:55:00,2008-03-13 06:28:00,1,,2,,,,,2,2,,,,,,go to bed,10
2008-03-13 00:52:00,2008-03-13 06:28:00,1,,3,,,,,2,1,,,,,,use toilet,4
2008-03-13 01:18:00,2008-03-13 08:22:00,1,,3,,,,,3,,,,,,,use toilet,4
2008-03-13 01:20:00,2008-03-13 08:22:00,1,,4,,,,,2,,,,,,,use toilet,4
2008-03-13 01:23:00,2008-03-13 09:20:00,1,,3,1,,,,2,,,,,,,go to bed,10
2008-03-13 06:27:00,2008-03-13 09:19:00,1,,3,1,,,1,1,,,,,,,use toilet,4
2008-03-13 06:28:00,2008-03-13 09:20:00,,,3,1,,,2,1,,,,,,,use toilet,4
2008-03-13 06:28:00,2008-03-13 09:20:00,,,2,1,,,3,1,,,,,,,prepare Breakfast,13
2008-03-13 08:22:00,2008-03-13 09:20:00,,,1,1,,,4,1,,,,,,,prepare Breakfast,13
2008-03-13 08:22:00,2008-03-13 09:20:00,,,1,1,1,,4,,,,,,,,prepare Breakfast,13
2008-03-13 09:19:00,2008-03-13 09:41:00,,,,1,1,,4,1,,,,,,,prepare Breakfast,13
2008-03-13 09:19:00,2008-03-13 09:47:00,,,,,1,,4,2,,,,,,,prepare Breakfast,13
2008-03-13 09:20:00,2008-03-13 09:57:00,,,,,1,,3,2,1,,,,,,prepare Breakfast,13
2008-03-13 09:20:00,2008-03-13 17:50:00,,,,,1,,2,2,2,,,,,,prepare Breakfast,13
2008-03-13 09:20:00,2008-03-13 17:53:00,,1,,,1,,1,2,2,,,,,,prepare Breakfast,13
2008-03-13 09:20:00,2008-03-13 17:54:00,,1,1,,1,,,2,2,,,,,,take shower,5
2008-03-13 09:41:00,2008-03-13 17:54:00,,2,1,,,,,2,2,,,,,,use toilet,4
2008-03-13 09:47:00,2008-03-13 17:54:00,,2,2,,,,,1,2,,,,,,use toilet,4
2008-03-13 09:57:00,2008-03-13 20:31:00,,3,2,,,,,,2,,,,,,use toilet,4
2008-03-13 17:50:00,2008-03-13 20:33:00,,3,3,,,,,,1,,,,,,use toilet,4
2008-03-13 17:53:00,2008-03-13 20:33:00,,4,3,,,,,,,,,,,,use toilet,4
2008-03-13 17:54:00,2008-03-13 20:33:00,,3,3,,,,,1,,,,,,,use toilet,4
2008-03-13 17:54:00,2008-03-13 20:33:00,,3,2,,,,,1,1,,,,,,use toilet,4
2008-03-13 17:54:00,2008-03-13 20:34:00,,2,2,,,,,1,2,,,,,,use toilet,4
2008-03-13 20:31:00,2008-03-13 20:34:00,,2,1,,,,,1,3,,,,,,use toilet,4
2008-03-13 20:33:00,2008-03-14 00:35:00,,1,1,,,,,1,4,,,,,,use toilet,4
2008-03-13 20:33:00,2008-03-14 00:36:00,,1,,,1,,,1,4,,,,,,leave house,1
2008-03-13 20:33:00,2008-03-14 00:36:00,,,,,2,,,1,4,,,,,,leave house,1
2008-03-13 20:33:00,2008-03-14 00:37:00,,,,,2,,,1,4,,,,,,leave house,1
2008-03-13 20:34:00,2008-03-14 00:38:00,,1,,,2,,,1,3,,,,,,leave house,1
2008-03-13 20:34:00,2008-03-14 00:38:00,,2,,,2,,,1,2,,,,,,leave house,1
2008-03-14 00:34:00,2008-03-14 00:39:00,,3,,,2,,,1,1,,,,,,leave house,1
2008-03-14 00:36:00,2008-03-14 00:45:00,1,3,,,2,,,1,,,,,,,leave house,1
2008-03-14 00:36:00,2008-03-14 00:46:00,2,3,,,1,,,1,,,,,,,leave house,1
2008-03-14 00:37:00,2008-03-14 00:46:00,2,3,,,,,,2,,,,,,,go to bed,10
2008-03-14 00:38:00,2008-03-14 05:29:00,3,3,,,,,,1,,,,,,,go to bed,10
2008-03-14 00:38:00,2008-03-14 05:29:00,3,3,,,,,,1,,,,,,,go to bed,10
2008-03-14 00:39:00,2008-03-14 05:29:00,4,2,,,,,,1,,,,,,,go to bed,10
2008-03-14 00:45:00,2008-03-14 05:43:00,5,1,,,,,,1,,,,,,,go to bed,10
2008-03-14 00:45:00,2008-03-14 05:29:00,4,2,,,,,,1,,,,,,,go to bed,10
2008-03-14 00:45:00,2008-03-14 05:34:00,3,2,1,,,,,1,,,,,,,use toilet,4
2008-03-14 05:29:00,2008-03-14 05:34:00,3,2,1,,,,,1,,,,,,,use toilet,4
2008-03-14 05:29:00,2008-03-14 05:34:00,2,2,1,,,,,2,,,,,,,use toilet,4
2008-03-14 05:29:00,2008-03-14 05:34:00,2,1,2,,,,,2,,,,,,,use toilet,4
2008-03-14 05:29:00,2008-03-14 05:35:00,1,2,2,,,,,2,,,,,,,use toilet,4
2008-03-14 05:29:00,2008-03-14 05:35:00,,2,3,,,,,2,,,,,,,use toilet,4
2008-03-14 05:34:00,2008-03-14 05:36:00,,1,4,,,,,2,,,,,,,use toilet,4
2008-03-14 05:34:00,2008-03-14 05:38:00,,1,4,,,,,2,,,,,,,use toilet,4
2008-03-14 05:34:00,2008-03-14 05:39:00,,2,4,,,,,1,,,,,,,use toilet,4
2008-03-14 05:34:00,2008-03-14 05:43:00,,2,4,,,,,1,,,,,,,use toilet,4
2008-03-14 05:34:00,2008-03-14 09:12:00,,3,3,,,,,1,,,,,,,use toilet,4
2008-03-14 05:35:00,2008-03-14 09:13:00,,2,4,,,,,1,,,,,,,use toilet,4
2008-03-14 05:36:00,2008-03-14 09:14:00,,3,3,,,,,1,,,,,,,use toilet,4
2008-03-14 05:38:00,2008-03-14 09:14:00,,3,3,,,,,1,,,,,,,use toilet,4
2008-03-14 05:39:00,2008-03-14 09:15:00,,3,2,1,,,,1,,,,,,,use toilet,4
2008-03-14 05:39:00,2008-03-14 09:15:00,,2,2,1,,,1,1,,,,,,,use toilet,4
2008-03-14 09:12:00,2008-03-14 09:15:00,,2,2,1,1,,1,,,,,,,,use toilet,4
2008-03-14 09:13:00,2008-03-14 09:18:00,,1,2,2,1,,1,,,,,,,,prepare Breakfast,13
2008-03-14 09:14:00,2008-03-14 09:57:00,,2,1,2,1,,1,,,,,,,,prepare Breakfast,13
2008-03-14 09:14:00,2008-03-14 09:59:00,,1,2,2,1,,1,,,,,,,,prepare Breakfast,13
2008-03-14 09:15:00,2008-03-14 10:00:00,,2,1,2,1,,1,,,,,,,,prepare Breakfast,13
2008-03-14 09:15:00,2008-03-14 10:00:00,,2,1,1,1,,1,1,,,,,,,use toilet,4
2008-03-14 09:15:00,2008-03-14 10:31:00,,2,1,1,1,,,2,,,,,,,use toilet,4
2008-03-14 09:18:00,2008-03-14 10:31:00,,2,1,1,,,,3,,,,,,,use toilet,4
2008-03-14 09:57:00,2008-03-14 10:40:00,,2,1,,,,,4,,,,,,,use toilet,4
2008-03-14 09:59:00,2008-03-14 10:49:00,,1,1,,,,,4,1,,,,,,use toilet,4
2008-03-14 10:00:00,2008-03-14 17:13:00,,1,,,,,,4,2,,,,,,take shower,5
2008-03-14 10:00:00,2008-03-14 17:13:00,,,,,1,,,4,2,,,,,,take shower,5
2008-03-14 10:31:00,2008-03-14 17:20:00,,1,,,1,,,3,2,,,,,,take shower,5
2008-03-14 10:31:00,2008-03-14 17:20:00,,2,,,1,,,2,2,,,,,,leave house,1
2008-03-14 10:40:00,2008-03-14 17:55:00,,2,,,1,,,1,3,,,,,,leave house,1
2008-03-14 10:49:00,2008-03-14 22:55:00,,2,,,1,,,,4,,,,,,leave house,1
2008-03-14 17:13:00,2008-03-14 22:55:00,,2,,1,1,,,,3,,,,,,leave house,1
2008-03-14 17:13:00,2008-03-14 22:55:00,,2,,1,2,,,,2,,,,,,leave house,1
2008-03-14 17:20:00,2008-03-14 23:04:00,,3,,1,1,,,,2,,,,,,leave house,1
2008-03-14 17:20:00,2008-03-14 23:05:00,,2,1,1,1,,,,2,,,,,,leave house,1
2008-03-14 17:55:00,2008-03-14 23:05:00,,2,1,1,1,,,,2,,,,,,leave house,1
2008-03-14 22:54:00,2008-03-14 23:57:00,,3,1,1,1,,,,1,,,,,,use toilet,4
2008-03-14 22:55:00,2008-03-14 23:57:00,,3,2,1,1,,,,,,,,,,use toilet,4
2008-03-14 22:55:00,2008-03-14 23:58:00,,4,2,,1,,,,,,,,,,use toilet,4
2008-03-14 23:04:00,2008-03-15 04:06:00,1,4,2,,,,,,,,,,,,use toilet,4
2008-03-14 23:05:00,2008-03-15 04:06:00,2,3,2,,,,,,,,,,,,use toilet,4
2008-03-14 23:05:00,2008-03-15 04:07:00,3,3,1,,,,,,,,,,,,use toilet,4
2008-03-14 23:57:00,2008-03-15 04:07:00,3,3,1,,,,,,,,,,,,use toilet,4
2008-03-14 23:57:00,2008-03-15 04:07:00,3,3,1,,,,,,,,,,,,use toilet,4
2008-03-14 23:57:00,2008-03-15 08:59:00,4,3,,,,,,,,,,,,,use toilet,4
2008-03-15 04:06:00,2008-03-15 08:59:00,4,3,,,,,,,,,,,,,use toilet,4
2008-03-15 04:06:00,2008-03-15 09:00:00,3,4,,,,,,,,,,,,,use toilet,4
2008-03-15 04:06:00,2008-03-15 09:00:00,3,4,,,,,,,,,,,,,use toilet,4
2008-03-15 04:07:00,2008-03-15 09:00:00,2,4,1,,,,,,,,,,,,use toilet,4
2008-03-15 04:07:00,2008-03-15 10:07:00,2,4,1,,,,,,,,,,,,use toilet,4
2008-03-15 08:59:00,2008-03-15 10:09:00,2,3,2,,,,,,,,,,,,use toilet,4
2008-03-15 08:59:00,2008-03-15 10:09:00,1,3,3,,,,,,,,,,,,use toilet,4
2008-03-15 08:59:00,2008-03-15 10:09:00,1,3,3,,,,,,,,,,,,use toilet,4
2008-03-15 08:59:00,2008-03-15 10:09:00,1,2,3,,,,,1,,,,,,,use toilet,4
2008-03-15 09:00:00,2008-03-15 10:09:00,,2,3,,1,,,1,,,,,,,use toilet,4
2008-03-15 10:07:00,2008-03-15 10:09:00,,2,2,,2,,,1,,,,,,,use toilet,4
2008-03-15 10:09:00,2008-03-15 10:09:00,,1,3,,2,,,1,,,,,,,use toilet,4
2008-03-15 10:09:00,2008-03-15 10:09:00,,1,3,,2,,,1,,,,,,,use toilet,4
2008-03-15 10:09:00,2008-03-15 10:09:00,,2,2,,2,,,1,,,,,,,use toilet,4
2008-03-15 10:09:00,2008-03-15 10:09:00,,1,2,,2,,,2,,,,,,,prepare Breakfast,13
2008-03-15 10:09:00,2008-03-15 10:09:00,,1,2,,3,,,1,,,,,,,prepare Breakfast,13
2008-03-15 10:09:00,2008-03-15 10:09:00,,1,2,,3,,,1,,,,,,,prepare Breakfast,13
2008-03-15 10:09:00,2008-03-15 10:10:00,,1,2,1,2,,,1,,,,,,,prepare Breakfast,13
2008-03-15 10:09:00,2008-03-15 10:10:00,,1,1,1,2,,1,1,,,,,,,prepare Breakfast,13
2008-03-15 10:09:00,2008-03-15 10:10:00,,1,,1,3,,1,1,,,,,,,prepare Breakfast,13
2008-03-15 10:09:00,2008-03-15 10:40:00,,1,,1,3,,1,1,,,,,,,prepare Breakfast,13
2008-03-15 10:09:00,2008-03-15 10:41:00,,2,,1,3,,1,,,,,,,,prepare Breakfast,13
2008-03-15 10:09:00,2008-03-15 12:36:00,,3,,1,2,,1,,,,,,,,prepare Breakfast,13
2008-03-15 10:10:00,2008-03-15 12:37:00,,4,,1,1,,1,,,,,,,,use toilet,4
2008-03-15 10:10:00,2008-03-15 14:30:00,,5,,,1,,1,,,,,,,,use toilet,4
2008-03-15 10:10:00,2008-03-15 14:31:00,,5,1,,1,,,,,,,,,,use toilet,4
2008-03-15 10:40:00,2008-03-15 14:31:00,,6,1,,,,,,,,,,,,use toilet,4
2008-03-15 10:41:00,2008-03-15 14:31:00,,5,2,,,,,,,,,,,,use toilet,4
2008-03-15 12:36:00,2008-03-15 14:35:00,,4,2,,,,,1,,,,,,,use toilet,4
2008-03-15 12:37:00,2008-03-15 14:45:00,,3,2,,,,,2,,,,,,,use toilet,4
2008-03-15 14:30:00,2008-03-15 18:15:00,,2,2,,,,1,2,,,,,,,use toilet,4
2008-03-15 14:31:00,2008-03-15 18:15:00,,1,2,,,,2,2,,,,,,,use toilet,4
2008-03-15 14:31:00,2008-03-15 18:16:00,,1,1,,,,2,2,,,,1,,,prepare Dinner,15
2008-03-15 14:31:00,2008-03-15 18:16:00,,,1,,,1,2,2,,,,1,,,prepare Dinner,15
2008-03-15 14:35:00,2008-03-15 18:26:00,,,,1,,1,2,2,,,,1,,,prepare Dinner,15
2008-03-15 14:45:00,2008-03-15 18:27:00,,,,1,,2,2,1,,,,1,,,prepare Dinner,15
2008-03-15 18:15:00,2008-03-15 18:38:00,,,,1,,3,2,,,,,1,,,prepare Dinner,15
2008-03-15 18:15:00,2008-03-15 18:39:00,,,,1,,4,1,,,,,1,,,prepare Dinner,15
2008-03-15 18:15:00,2008-03-15 18:55:00,,,,1,,4,,,,1,,1,,,prepare Dinner,15
2008-03-15 18:16:00,2008-03-15 18:55:00,,,,1,1,4,,,,1,,,,,prepare Dinner,15
2008-03-15 18:26:00,2008-03-15 18:55:00,,,,1,2,3,,,,1,,,,,prepare Dinner,15
2008-03-15 18:26:00,2008-03-15 19:44:00,,1,,,2,3,,,,1,,,,,prepare Dinner,15
2008-03-15 18:38:00,2008-03-15 19:44:00,,1,,,2,2,,1,,1,,,,,get drink,17
2008-03-15 18:38:00,2008-03-15 19:44:00,,1,1,,2,1,,1,,1,,,,,get drink,17
2008-03-15 18:55:00,2008-03-15 19:44:00,,1,2,,2,,,1,,1,,,,,use toilet,4
2008-03-15 18:55:00,2008-03-15 19:44:00,,2,2,,2,,,1,,,,,,,use toilet,4
2008-03-15 18:55:00,2008-03-15 19:45:00,,2,2,,1,,,1,1,,,,,,use toilet,4
2008-03-15 19:44:00,2008-03-15 19:45:00,,2,2,,,,,1,2,,,,,,use toilet,4
2008-03-15 19:44:00,2008-03-16 00:28:00,,1,2,,,,,1,3,,,,,,use toilet,4
2008-03-15 19:44:00,2008-03-16 01:30:00,,1,2,,,,,1,3,,,,,,use toilet,4
2008-03-15 19:44:00,2008-03-16 01:30:00,,2,1,,,,,1,3,,,,,,use toilet,4
2008-03-15 19:44:00,2008-03-16 01:31:00,,2,1,,,,,1,3,,,,,,use toilet,4
2008-03-15 19:45:00,2008-03-16 01:31:00,,2,1,,,,,1,3,,,,,,use toilet,4
2008-03-15 19:45:00,2008-03-16 01:31:00,,3,1,,,,,1,2,,,,,,use toilet,4
2008-03-16 00:28:00,2008-03-16 09:05:00,1,3,1,,,,,1,1,,,,,,use toilet,4
2008-03-16 01:30:00,2008-03-16 09:06:00,1,4,1,,,,,1,,,,,,,use toilet,4
2008-03-16 01:30:00,2008-03-16 09:06:00,1,5,1,,,,,,,,,,,,use toilet,4
2008-03-16 01:30:00,2008-03-16 09:07:00,1,4,2,,,,,,,,,,,,use toilet,4
2008-03-16 01:31:00,2008-03-16 09:07:00,1,5,1,,,,,,,,,,,,use toilet,4
2008-03-16 01:31:00,2008-03-16 09:07:00,1,5,1,,,,,,,,,,,,use toilet,4
2008-03-16 09:05:00,2008-03-16 09:07:00,1,4,2,,,,,,,,,,,,use toilet,4
2008-03-16 09:06:00,2008-03-16 09:20:00,,5,2,,,,,,,,,,,,use toilet,4
2008-03-16 09:06:00,2008-03-16 09:22:00,,4,3,,,,,,,,,,,,use toilet,4
2008-03-16 09:07:00,2008-03-16 09:22:00,,4,3,,,,,,,,,,,,use toilet,4
2008-03-16 09:07:00,2008-03-16 09:22:00,,4,2,,,,,1,,,,,,,use toilet,4
2008-03-16 09:07:00,2008-03-16 09:23:00,,3,2,,,,,2,,,,,,,use toilet,4
2008-03-16 09:07:00,2008-03-16 10:04:00,,2,2,1,,,,2,,,,,,,use toilet,4
2008-03-16 09:20:00,2008-03-16 10:04:00,,2,1,2,,,,2,,,,,,,use toilet,4
2008-03-16 09:22:00,2008-03-16 10:04:00,,1,1,2,,,1,2,,,,,,,use toilet,4
2008-03-16 09:22:00,2008-03-16 10:04:00,,1,,2,1,,1,2,,,,,,,prepare Breakfast,13
2008-03-16 09:22:00,2008-03-16 10:04:00,,,,2,2,,1,2,,,,,,,prepare Breakfast,13
2008-03-16 09:22:00,2008-03-16 10:42:00,,,,2,2,,1,2,,,,,,,prepare Breakfast,13
2008-03-16 10:04:00,2008-03-16 10:48:00,,,,2,2,,1,2,,,,,,,prepare Breakfast,13
2008-03-16 10:04:00,2008-03-16 11:27:00,,,,1,2,,1,2,1,,,,,,prepare Breakfast,13
2008-03-16 10:04:00,2008-03-16 11:37:00,,,,,2,,1,2,2,,,,,,prepare Breakfast,13
2008-03-16 10:04:00,2008-03-16 11:51:00,,,,,2,,,2,2,,,,,1,leave house,1
2008-03-16 10:04:00,2008-03-16 11:51:00,,,,,1,,,2,2,,,,,2,leave house,1
2008-03-16 10:42:00,2008-03-16 11:55:00,,,,,,,,2,3,,,,,2,leave house,1
2008-03-16 10:48:00,2008-03-16 12:35:00,,,,,,,,1,4,,,,,2,leave house,1
2008-03-16 11:27:00,2008-03-16 12:36:00,,,,,,,,,5,,,,,2,leave house,1
2008-03-16 11:37:00,2008-03-16 12:37:00,,1,,,,,,,4,,,,,2,leave house,1
2008-03-16 11:51:00,2008-03-16 12:37:00,,1,1,,,,,,3,,,,,2,leave house,1
2008-03-16 11:51:00,2008-03-16 12:37:00,,2,1,,,,,,3,,,,,1,leave house,1
2008-03-16 11:55:00,2008-03-16 13:07:00,,2,1,,,,,1,3,,,,,,leave house,1
2008-03-16 12:35:00,2008-03-16 13:10:00,,2,1,,,,,2,2,,,,,,leave house,1
2008-03-16 12:36:00,2008-03-16 13:09:00,,3,1,,,,,2,1,,,,,,leave house,1
2008-03-16 12:36:00,2008-03-16 13:08:00,,3,2,,,,,2,,,,,,,leave house,1
2008-03-16 12:37:00,2008-03-16 13:11:00,,2,2,,,,,3,,,,,,,leave house,1
2008-03-16 12:37:00,2008-03-16 13:16:00,,2,1,,,,,4,,,,,,,leave house,1
2008-03-16 13:07:00,2008-03-16 13:43:00,,1,1,,,,,5,,,,,,,leave house,1
2008-03-16 13:07:00,2008-03-16 13:43:00,,1,1,,,,,5,,,,,,,leave house,1
2008-03-16 13:08:00,2008-03-16 13:54:00,,1,1,,1,,,4,,,,,,,leave house,1
2008-03-16 13:08:00,2008-03-16 13:54:00,,,1,,2,,,4,,,,,,,leave house,1
2008-03-16 13:11:00,2008-03-16 13:55:00,,,,,2,,1,4,,,,,,,leave house,1
2008-03-16 13:14:00,2008-03-16 13:55:00,,,,,2,,2,3,,,,,,,leave house,1
2008-03-16 13:16:00,2008-03-16 13:55:00,,,,,2,,3,2,,,,,,,leave house,1
2008-03-16 13:43:00,2008-03-16 13:55:00,,,,,2,,4,1,,,,,,,leave house,1
2008-03-16 13:54:00,2008-03-16 13:55:00,,,,,2,,4,,,,,1,,,leave house,1
2008-03-16 13:54:00,2008-03-16 13:55:00,,,,,1,,5,,,,,1,,,leave house,1
2008-03-16 13:54:00,2008-03-16 13:55:00,,,,,,,6,,,,,1,,,leave house,1
2008-03-16 13:55:00,2008-03-16 13:56:00,,,,1,,,5,,,,,1,,,leave house,1
2008-03-16 13:55:00,2008-03-16 13:56:00,,,,1,,,5,,,,,1,,,leave house,1
2008-03-16 13:55:00,2008-03-16 13:56:00,,,,2,,,4,,,,,1,,,leave house,1
2008-03-16 13:55:00,2008-03-16 13:56:00,,,,2,,,3,,,1,,1,,,leave house,1
2008-03-16 13:55:00,2008-03-16 14:00:00,,,,2,1,,3,,,1,,,,,leave house,1
2008-03-16 13:55:00,2008-03-16 14:00:00,,,,2,1,,2,,,1,,,,1,leave house,1
2008-03-16 13:56:00,2008-03-16 14:13:00,,,,2,1,,1,1,,1,,,,1,leave house,1
2008-03-16 13:56:00,2008-03-16 15:20:00,,,,1,1,,1,2,,1,,,,1,leave house,1
2008-03-16 13:56:00,2008-03-16 14:16:00,,,,1,1,,,2,,1,,,1,1,leave house,1
2008-03-16 13:56:00,2008-03-16 14:17:00,,,,,1,,,2,,1,,,2,1,leave house,1
2008-03-16 14:00:00,2008-03-16 15:20:00,,1,,,1,,,2,,,,,2,1,leave house,1
2008-03-16 14:00:00,2008-03-16 15:20:00,,1,,,,,,3,,,,,2,1,leave house,1
2008-03-16 14:13:00,2008-03-16 15:21:00,,1,1,,,,,3,,,,,2,,leave house,1
2008-03-16 14:13:00,2008-03-16 15:21:00,,2,1,,,,,2,,,,,2,,leave house,1
2008-03-16 14:14:00,2008-03-16 15:23:00,,2,1,,,,,1,1,,,,2,,leave house,1
2008-03-16 14:16:00,2008-03-16 15:28:00,,2,1,,,,,1,2,,,,1,,leave house,1
2008-03-16 15:20:00,2008-03-16 15:29:00,,3,1,,,,,1,2,,,,,,leave house,1
2008-03-16 15:20:00,2008-03-16 15:30:00,,2,2,,,,,1,2,,,,,,leave house,1
2008-03-16 15:21:00,2008-03-16 15:30:00,,3,2,,,,,,2,,,,,,leave house,1
2008-03-16 15:21:00,2008-03-16 15:34:00,,3,1,,,1,,,2,,,,,,leave house,1
2008-03-16 15:22:00,2008-03-16 15:34:00,,2,1,,,2,,,2,,,,,,leave house,1
2008-03-16 15:28:00,2008-03-16 16:03:00,,2,1,,,2,,1,1,,,,,,leave house,1
2008-03-16 15:29:00,2008-03-16 16:36:00,,2,1,,,2,,2,,,,,,,leave house,1
2008-03-16 15:30:00,2008-03-16 16:03:00,,1,1,,,2,,2,,,,1,,,leave house,1
2008-03-16 15:30:00,2008-03-16 16:04:00,,1,,,,2,,2,,,,2,,,leave house,1
2008-03-16 15:34:00,2008-03-16 16:04:00,,,,,,2,1,2,,,,2,,,leave house,1
2008-03-16 15:34:00,2008-03-16 16:04:00,,,,,,1,2,2,,,,2,,,leave house,1
2008-03-16 16:03:00,2008-03-16 16:04:00,,,,,,,2,2,,,1,2,,,leave house,1
2008-03-16 16:03:00,2008-03-16 16:05:00,,,,,1,,2,1,,,1,2,,,leave house,1
2008-03-16 16:03:00,2008-03-16 16:17:00,,,,,1,,2,,,,1,2,,1,leave house,1
2008-03-16 16:04:00,2008-03-16 16:17:00,,,,,1,,2,,,,1,1,,2,leave house,1
2008-03-16 16:04:00,2008-03-16 16:36:00,,1,,,1,,2,,,,1,,,2,leave house,1
2008-03-16 16:04:00,2008-03-16 16:37:00,,1,1,,1,,1,,,,1,,,2,leave house,1
2008-03-16 16:04:00,2008-03-16 16:37:00,,2,1,,1,,,,,,1,,,2,leave house,1
2008-03-16 16:05:00,2008-03-16 17:03:00,,2,1,,1,,1,,,,,,,2,leave house,1
2008-03-16 16:17:00,2008-03-16 17:06:00,,2,1,,,,2,,,,,,,2,leave house,1
2008-03-16 16:17:00,2008-03-16 17:10:00,,2,1,1,,,2,,,,,,,1,leave house,1
2008-03-16 16:36:00,2008-03-16 17:12:00,,2,1,1,,,3,,,,,,,,leave house,1
2008-03-16 16:37:00,2008-03-16 17:13:00,,1,1,1,,,3,,,,,1,,,leave house,1
2008-03-16 16:37:00,2008-03-16 17:13:00,,2,,1,,,3,,,,,1,,,leave house,1
2008-03-16 17:03:00,2008-03-16 17:13:00,,1,1,1,,,3,,,,,1,,,leave house,1
2008-03-16 17:03:00,2008-03-16 17:17:00,,1,1,1,,,2,,,,,2,,,leave house,1
2008-03-16 17:06:00,2008-03-16 17:19:00,,2,1,1,,,1,,,,,2,,,leave house,1
2008-03-16 17:12:00,2008-03-16 17:20:00,,3,1,,,,1,,,,,2,,,leave house,1
2008-03-16 17:12:00,2008-03-16 17:24:00,1,3,1,,,,,,,,,2,,,leave house,1
2008-03-16 17:12:00,2008-03-16 17:28:00,1,3,1,,,,,1,,,,1,,,leave house,1
2008-03-16 17:13:00,2008-03-16 17:35:00,1,3,1,,,,,1,,,,1,,,leave house,1
2008-03-16 17:17:00,2008-03-16 17:35:00,1,3,1,,,,,1,,,,1,,,leave house,1
2008-03-16 17:19:00,2008-03-16 17:36:00,1,4,1,,,,,1,,,,,,,leave house,1
2008-03-16 17:20:00,2008-03-16 17:36:00,1,4,1,,,,,1,,,,,,,leave house,1
2008-03-16 17:23:00,2008-03-16 17:36:00,1,4,1,,,,,1,,,,,,,leave house,1
2008-03-16 17:28:00,2008-03-16 17:43:00,,4,1,,,,,2,,,,,,,leave house,1
2008-03-16 17:35:00,2008-03-16 17:44:00,,4,1,,,,,2,,,,,,,leave house,1
2008-03-16 17:35:00,2008-03-16 17:47:00,,3,1,,,,,3,,,,,,,leave house,1
2008-03-16 17:35:00,2008-03-16 17:48:00,,3,,,,,,3,1,,,,,,leave house,1
2008-03-16 17:36:00,2008-03-16 21:15:00,,2,,,,,,3,2,,,,,,leave house,1
2008-03-16 17:36:00,2008-03-16 21:15:00,,1,,,,,,3,3,,,,,,leave house,1
2008-03-16 17:43:00,2008-03-16 21:15:00,,1,,,,,,3,3,,,,,,leave house,1
2008-03-16 17:44:00,2008-03-16 21:16:00,,2,,,,,,2,3,,,,,,leave house,1
2008-03-16 17:45:00,2008-03-16 21:17:00,,2,1,,,,,1,3,,,,,,leave house,1
2008-03-16 17:48:00,2008-03-16 21:18:00,,3,1,,,,,,3,,,,,,leave house,1
2008-03-16 21:15:00,2008-03-16 21:22:00,,3,1,,,,,,3,,,,,,leave house,1
2008-03-16 21:15:00,2008-03-16 21:22:00,,4,1,,,,,,2,,,,,,leave house,1
2008-03-16 21:15:00,2008-03-16 21:37:00,,4,1,,,,,,2,,,,,,leave house,1
2008-03-16 21:16:00,2008-03-16 21:38:00,,4,1,,,,,,2,,,,,,leave house,1
2008-03-16 21:17:00,2008-03-16 21:38:00,,4,1,,,,,,2,,,,,,leave house,1
2008-03-16 21:17:00,2008-03-16 21:38:00,,4,1,,,,,,2,,,,,,leave house,1
2008-03-16 21:22:00,2008-03-16 22:02:00,,3,1,,,,,1,2,,,,,,leave house,1
2008-03-16 21:22:00,2008-03-16 22:03:00,1,3,1,,,,,1,1,,,,,,use toilet,4
2008-03-16 21:37:00,2008-03-16 22:46:00,2,2,1,,,,,1,1,,,,,,use toilet,4
2008-03-16 21:38:00,2008-03-16 22:47:00,2,3,1,,,,,1,,,,,,,go to bed,10
2008-03-16 21:38:00,2008-03-16 22:47:00,2,2,2,,,,,1,,,,,,,go to bed,10
2008-03-16 21:38:00,2008-03-16 22:47:00,2,2,2,,,,,1,,,,,,,go to bed,10
2008-03-16 22:02:00,2008-03-16 22:47:00,2,3,1,,,,,1,,,,,,,go to bed,10
2008-03-16 22:03:00,2008-03-16 22:47:00,2,3,2,,,,,,,,,,,,go to bed,10
2008-03-16 22:46:00,2008-03-16 22:47:00,1,4,2,,,,,,,,,,,,go to bed,10
2008-03-16 22:47:00,2008-03-17 05:44:00,1,4,2,,,,,,,,,,,,use toilet,4
2008-03-16 22:47:00,2008-03-17 05:45:00,2,3,2,,,,,,,,,,,,use toilet,4
2008-03-16 22:47:00,2008-03-17 05:44:00,2,4,1,,,,,,,,,,,,use toilet,4
2008-03-16 22:47:00,2008-03-17 05:45:00,2,3,2,,,,,,,,,,,,use toilet,4
2008-03-16 22:47:00,2008-03-17 05:45:00,2,3,2,,,,,,,,,,,,use toilet,4
2008-03-16 22:47:00,2008-03-17 08:30:00,2,4,1,,,,,,,,,,,,use toilet,4
2008-03-17 05:44:00,2008-03-17 08:30:00,2,3,2,,,,,,,,,,,,use toilet,4
2008-03-17 05:44:00,2008-03-17 08:31:00,1,4,2,,,,,,,,,,,,use toilet,4
2008-03-17 05:44:00,2008-03-17 08:31:00,,5,2,,,,,,,,,,,,use toilet,4
2008-03-17 05:45:00,2008-03-17 08:32:00,,4,2,1,,,,,,,,,,,use toilet,4
2008-03-17 05:45:00,2008-03-17 08:32:00,,4,1,1,,,1,,,,,,,,use toilet,4
2008-03-17 08:30:00,2008-03-17 08:32:00,,3,1,1,1,,1,,,,,,,,prepare Breakfast,13
2008-03-17 08:30:00,2008-03-17 08:32:00,,2,1,1,2,,1,,,,,,,,prepare Breakfast,13
2008-03-17 08:31:00,2008-03-17 08:54:00,,2,,1,2,,1,1,,,,,,,prepare Breakfast,13
2008-03-17 08:31:00,2008-03-17 08:54:00,,1,,1,2,,1,2,,,,,,,prepare Breakfast,13
2008-03-17 08:32:00,2008-03-17 09:02:00,,,,1,2,,1,3,,,,,,,prepare Breakfast,13
2008-03-17 08:32:00,2008-03-17 09:09:00,,1,,,2,,1,3,,,,,,,prepare Breakfast,13
2008-03-17 08:32:00,2008-03-17 09:12:00,,1,1,,2,,,3,,,,,,,take shower,5
2008-03-17 08:32:00,2008-03-17 09:13:00,,1,2,,1,,,3,,,,,,,take shower,5
2008-03-17 08:54:00,2008-03-17 09:14:00,,2,2,,,,,3,,,,,,,use toilet,4
2008-03-17 08:54:00,2008-03-17 09:14:00,,3,2,,,,,2,,,,,,,use toilet,4
2008-03-17 09:02:00,2008-03-17 09:14:00,,4,2,,,,,1,,,,,,,use toilet,4
2008-03-17 09:09:00,2008-03-17 09:14:00,,5,2,,,,,,,,,,,,use toilet,4
2008-03-17 09:12:00,2008-03-17 09:16:00,,4,2,,,,,,1,,,,,,use toilet,4
2008-03-17 09:13:00,2008-03-17 19:11:00,,4,1,,,,,,2,,,,,,use toilet,4
2008-03-17 09:13:00,2008-03-17 19:13:00,,5,,,,,,,2,,,,,,use toilet,4
2008-03-17 09:14:00,2008-03-17 19:13:00,,5,,,,,,,2,,,,,,use toilet,4
2008-03-17 09:14:00,2008-03-17 19:13:00,,4,1,,,,,,2,,,,,,use toilet,4
2008-03-17 09:14:00,2008-03-17 19:43:00,,3,1,,,,,,2,,1,,,,use toilet,4
2008-03-17 09:16:00,2008-03-17 19:43:00,,2,1,,,,,,2,,2,,,,use toilet,4
2008-03-17 19:11:00,2008-03-17 19:44:00,,2,1,,,,,,1,,2,,1,,use toilet,4
2008-03-17 19:13:00,2008-03-17 19:49:00,,2,1,,,,,,,,3,,1,,prepare Dinner,15
2008-03-17 19:13:00,2008-03-17 19:50:00,,1,1,,,,,,,,4,,1,,prepare Dinner,15
2008-03-17 19:13:00,2008-03-17 19:51:00,,,1,1,,,,,,,4,,1,,prepare Dinner,15
2008-03-17 19:43:00,2008-03-17 19:53:00,,,,2,,,,,,,4,,1,,prepare Dinner,15
2008-03-17 19:43:00,2008-03-17 19:53:00,,,,2,,,,,,1,3,,1,,prepare Dinner,15
2008-03-17 19:43:00,2008-03-17 20:02:00,,,,2,,,1,,,1,2,,1,,prepare Dinner,15
2008-03-17 19:49:00,2008-03-17 20:03:00,,,,2,,,2,,,1,2,,,,prepare Dinner,15
2008-03-17 19:50:00,2008-03-17 20:05:00,,1,,2,,,2,,,1,1,,,,prepare Dinner,15
2008-03-17 19:50:00,2008-03-17 20:06:00,,1,1,2,,,2,,,1,,,,,prepare Dinner,15
2008-03-17 19:53:00,2008-03-17 20:06:00,,2,1,1,,,2,,,1,,,,,prepare Dinner,15
2008-03-17 19:53:00,2008-03-17 20:17:00,,2,1,,,,2,,,2,,,,,prepare Dinner,15
2008-03-17 20:02:00,2008-03-17 21:33:00,,2,1,,1,,2,,,1,,,,,use toilet,4
2008-03-17 20:02:00,2008-03-17 21:33:00,,2,1,,2,,1,,,1,,,,,use toilet,4
2008-03-17 20:05:00,2008-03-17 21:33:00,,2,1,,2,,,,,2,,,,,get drink,17
2008-03-17 20:06:00,2008-03-17 21:33:00,,1,1,,2,,,,,3,,,,,get drink,17
2008-03-17 20:06:00,2008-03-17 22:26:00,,2,,,2,,,,,3,,,,,get drink,17
2008-03-17 20:17:00,2008-03-17 22:27:00,,1,1,,2,,,,,3,,,,,get drink,17
2008-03-17 21:33:00,2008-03-17 22:27:00,,2,1,,2,,,,,2,,,,,get drink,17
2008-03-17 21:33:00,2008-03-18 00:48:00,,3,1,,1,,,,,2,,,,,use toilet,4
2008-03-17 21:33:00,2008-03-18 00:49:00,,4,1,,,,,,,2,,,,,use toilet,4
2008-03-17 21:33:00,2008-03-18 00:49:00,,4,2,,,,,,,1,,,,,use toilet,4
2008-03-17 22:26:00,2008-03-18 00:49:00,,4,3,,,,,,,,,,,,use toilet,4
2008-03-17 22:27:00,2008-03-18 00:52:00,1,3,3,,,,,,,,,,,,use toilet,4
2008-03-17 22:27:00,2008-03-18 00:52:00,2,3,2,,,,,,,,,,,,use toilet,4
2008-03-18 00:48:00,2008-03-18 06:22:00,3,2,2,,,,,,,,,,,,use toilet,4
2008-03-18 00:49:00,2008-03-18 06:23:00,3,2,2,,,,,,,,,,,,go to bed,10
2008-03-18 00:49:00,2008-03-18 06:23:00,3,1,3,,,,,,,,,,,,go to bed,10
2008-03-18 00:49:00,2008-03-18 06:23:00,3,2,2,,,,,,,,,,,,go to bed,10
2008-03-18 00:52:00,2008-03-18 06:23:00,3,3,1,,,,,,,,,,,,go to bed,10
2008-03-18 00:52:00,2008-03-18 06:23:00,2,3,2,,,,,,,,,,,,go to bed,10
2008-03-18 06:22:00,2008-03-18 06:23:00,1,4,2,,,,,,,,,,,,go to bed,10
2008-03-18 06:23:00,2008-03-18 08:15:00,,5,2,,,,,,,,,,,,use toilet,4
2008-03-18 06:23:00,2008-03-18 08:16:00,,4,3,,,,,,,,,,,,use toilet,4
2008-03-18 06:23:00,2008-03-18 08:18:00,,4,3,,,,,,,,,,,,use toilet,4
2008-03-18 06:23:00,2008-03-18 08:18:00,,3,4,,,,,,,,,,,,use toilet,4
2008-03-18 06:23:00,2008-03-18 08:19:00,,2,5,,,,,,,,,,,,use toilet,4
2008-03-18 06:23:00,2008-03-18 08:19:00,,2,4,,,,,1,,,,,,,use toilet,4
2008-03-18 08:15:00,2008-03-18 08:20:00,,1,4,1,,,,1,,,,,,,use toilet,4
2008-03-18 08:16:00,2008-03-18 08:20:00,,,4,1,,,,1,,,,1,,,use toilet,4
2008-03-18 08:18:00,2008-03-18 08:21:00,,,3,1,,,,1,,,,2,,,use toilet,4
2008-03-18 08:18:00,2008-03-18 08:21:00,,,2,1,,1,,1,,,,2,,,prepare Breakfast,13
2008-03-18 08:19:00,2008-03-18 08:22:00,,,1,1,,2,,1,,,,2,,,prepare Breakfast,13
2008-03-18 08:19:00,2008-03-18 08:22:00,,,,1,1,2,,1,,,,2,,,prepare Breakfast,13
2008-03-18 08:20:00,2008-03-18 08:23:00,,,,1,2,2,,,,,,2,,,prepare Breakfast,13
2008-03-18 08:20:00,2008-03-18 08:39:00,,,,,2,2,,1,,,,2,,,prepare Breakfast,13
2008-03-18 08:21:00,2008-03-18 08:52:00,,,,,2,2,,2,,,,1,,,prepare Breakfast,13
2008-03-18 08:21:00,2008-03-18 09:15:00,,,,,2,2,,2,1,,,,,,prepare Breakfast,13
2008-03-18 08:22:00,2008-03-18 18:00:00,,,,,2,1,,2,2,,,,,,prepare Breakfast,13
2008-03-18 08:22:00,2008-03-18 18:07:00,,,1,,2,,,2,2,,,,,,prepare Breakfast,13
2008-03-18 08:23:00,2008-03-18 18:07:00,,,2,,1,,,2,2,,,,,,take shower,5
2008-03-18 08:39:00,2008-03-18 18:08:00,,1,2,,,,,2,2,,,,,,use toilet,4
2008-03-18 08:52:00,2008-03-18 18:21:00,,2,2,,,,,1,2,,,,,,use toilet,4
2008-03-18 09:15:00,2008-03-18 18:23:00,,2,3,,,,,,2,,,,,,use toilet,4
2008-03-18 18:00:00,2008-03-18 18:23:00,,3,3,,,,,,1,,,,,,use toilet,4
2008-03-18 18:07:00,2008-03-18 18:25:00,,3,3,,,,,,1,,,,,,use toilet,4
2008-03-18 18:07:00,2008-03-18 23:39:00,,3,2,,,,,,2,,,,,,use toilet,4
2008-03-18 18:08:00,2008-03-18 23:39:00,,3,1,,,,,,3,,,,,,use toilet,4
2008-03-18 18:21:00,2008-03-19 00:40:00,,3,1,,,,,,3,,,,,,use toilet,4
2008-03-18 18:22:00,2008-03-19 07:50:00,1,2,1,,,,,,3,,,,,,use toilet,4
2008-03-18 18:23:00,2008-03-19 07:51:00,1,3,,,,,,,3,,,,,,leave house,1
2008-03-18 18:25:00,2008-03-19 07:51:00,1,2,,,,,,1,3,,,,,,leave house,1
2008-03-18 23:39:00,2008-03-19 07:51:00,1,3,,,,,,1,2,,,,,,go to bed,10
2008-03-18 23:39:00,2008-03-19 07:51:00,1,3,,,,,,2,1,,,,,,use toilet,4
2008-03-19 00:40:00,2008-03-19 09:38:00,1,3,,,1,,,2,,,,,,,use toilet,4
2008-03-19 07:50:00,2008-03-19 09:38:00,1,2,,,1,,1,2,,,,,,,go to bed,10
2008-03-19 07:51:00,2008-03-19 09:38:00,,2,,,1,,1,2,,,,1,,,prepare Breakfast,13
2008-03-19 07:51:00,2008-03-19 09:39:00,,1,,,2,,1,2,,,,1,,,prepare Breakfast,13
2008-03-19 07:51:00,2008-03-19 09:39:00,,1,,,2,1,1,1,,,,1,,,prepare Breakfast,13
2008-03-19 07:51:00,2008-03-19 09:39:00,,,,,2,1,1,1,,,,2,,,prepare Breakfast,13
2008-03-19 09:38:00,2008-03-19 09:39:00,,,,,2,1,1,,,1,,2,,,prepare Breakfast,13
2008-03-19 09:38:00,2008-03-19 09:40:00,,,,,1,2,1,,,1,,2,,,prepare Breakfast,13
2008-03-19 09:38:00,2008-03-19 09:48:00,,1,,,1,2,,,,1,,2,,,prepare Breakfast,13
2008-03-19 09:39:00,2008-03-19 09:49:00,,1,1,,1,2,,,,1,,1,,,prepare Breakfast,13
2008-03-19 09:39:00,2008-03-19 09:49:00,,2,1,,,2,,,,1,,1,,,prepare Breakfast,13
2008-03-19 09:39:00,2008-03-19 09:49:00,,2,2,,,1,,,,1,,1,,,use toilet,4
2008-03-19 09:39:00,2008-03-19 09:49:00,,2,3,,,1,,,,1,,,,,use toilet,4
2008-03-19 09:40:00,2008-03-19 09:49:00,,3,3,,,1,,,,,,,,,use toilet,4
2008-03-19 09:48:00,2008-03-19 09:49:00,,3,4,,,,,,,,,,,,use toilet,4
2008-03-19 09:49:00,2008-03-19 09:58:00,,2,4,,,,,1,,,,,,,take shower,5
2008-03-19 09:49:00,2008-03-19 10:09:00,,2,3,,,,,1,1,,,,,,take shower,5
2008-03-19 09:49:00,2008-03-19 10:09:00,,1,3,,,,,1,2,,,,,,take shower,5
2008-03-19 09:49:00,2008-03-19 17:15:00,,1,2,,,,,1,3,,,,,,take shower,5
2008-03-19 09:49:00,2008-03-19 17:20:00,,1,1,,,,,2,3,,,,,,take shower,5
2008-03-19 09:49:00,2008-03-19 17:26:00,,,1,,,,,2,4,,,,,,leave house,1
2008-03-19 09:58:00,2008-03-19 20:19:00,,,,,,,,2,5,,,,,,leave house,1
2008-03-19 10:09:00,2008-03-19 20:46:00,,1,,,,,,1,5,,,,,,leave house,1
2008-03-19 10:09:00,2008-03-19 20:48:00,,1,1,,,,,1,4,,,,,,leave house,1
2008-03-19 17:15:00,2008-03-19 20:48:00,,2,1,,,,,1,3,,,,,,leave house,1
2008-03-19 17:19:00,2008-03-19 21:49:00,,3,1,,,,,1,2,,,,,,use toilet,4
2008-03-19 17:26:00,2008-03-19 21:51:00,,3,2,,,,,,2,,,,,,use toilet,4
2008-03-19 20:19:00,2008-03-19 21:51:00,,4,2,,,,,,1,,,,,,use toilet,4
2008-03-19 20:46:00,2008-03-19 21:51:00,,5,2,,,,,,,,,,,,use toilet,4
2008-03-19 20:48:00,2008-03-19 21:51:00,,5,2,,,,,,,,,,,,use toilet,4
2008-03-19 20:48:00,2008-03-19 21:51:00,,6,1,,,,,,,,,,,,use toilet,4
2008-03-19 21:49:00,2008-03-19 21:51:00,,6,1,,,,,,,,,,,,use toilet,4
2008-03-19 21:51:00,2008-03-19 21:54:00,,5,1,,,,,1,,,,,,,use toilet,4
2008-03-19 21:51:00,2008-03-20 00:34:00,1,5,,,,,,1,,,,,,,use toilet,4
2008-03-19 21:51:00,2008-03-20 00:35:00,1,5,,,,,,1,,,,,,,use toilet,4
2008-03-19 21:51:00,2008-03-20 00:35:00,1,4,1,,,,,1,,,,,,,go to bed,10
2008-03-19 21:51:00,2008-03-20 00:35:00,1,4,1,,,,,1,,,,,,,go to bed,10
2008-03-19 21:51:00,2008-03-20 00:35:00,1,3,2,,,,,1,,,,,,,go to bed,10
2008-03-19 21:54:00,2008-03-20 00:35:00,1,3,2,,,,,1,,,,,,,go to bed,10
2008-03-20 00:34:00,2008-03-20 00:35:00,1,3,3,,,,,,,,,,,,go to bed,10
2008-03-20 00:35:00,2008-03-20 00:35:00,,4,3,,,,,,,,,,,,go to bed,10
2008-03-20 00:35:00,2008-03-20 00:35:00,,3,4,,,,,,,,,,,,use toilet,4
2008-03-20 00:35:00,2008-03-20 06:57:00,1,3,3,,,,,,,,,,,,use toilet,4
2008-03-20 00:35:00,2008-03-20 06:57:00,2,2,3,,,,,,,,,,,,use toilet,4
2008-03-20 00:35:00,2008-03-20 06:57:00,2,3,2,,,,,,,,,,,,use toilet,4
2008-03-20 00:35:00,2008-03-20 06:58:00,3,2,2,,,,,,,,,,,,use toilet,4
2008-03-20 00:35:00,2008-03-20 06:58:00,3,2,2,,,,,,,,,,,,use toilet,4
2008-03-20 00:35:00,2008-03-20 06:58:00,3,2,2,,,,,,,,,,,,use toilet,4
2008-03-20 06:57:00,2008-03-20 08:45:00,3,3,1,,,,,,,,,,,,use toilet,4
2008-03-20 06:57:00,2008-03-20 08:46:00,2,3,2,,,,,,,,,,,,use toilet,4
2008-03-20 06:57:00,2008-03-20 08:47:00,1,4,2,,,,,,,,,,,,use toilet,4
2008-03-20 06:58:00,2008-03-20 09:12:00,1,3,2,1,,,,,,,,,,,use toilet,4
2008-03-20 06:58:00,2008-03-20 09:12:00,,3,2,1,,,,,,,,1,,,use toilet,4
2008-03-20 06:58:00,2008-03-20 09:12:00,,3,1,2,,,,,,,,1,,,use toilet,4
2008-03-20 08:45:00,2008-03-20 09:12:00,,2,1,3,,,,,,,,1,,,prepare Breakfast,13
2008-03-20 08:46:00,2008-03-20 09:12:00,,1,1,3,,1,,,,,,1,,,prepare Breakfast,13
2008-03-20 08:46:00,2008-03-20 09:12:00,,1,,3,,1,,,,,,2,,,prepare Breakfast,13
2008-03-20 09:12:00,2008-03-20 09:13:00,,,,3,,2,,,,,,2,,,prepare Breakfast,13
2008-03-20 09:12:00,2008-03-20 09:14:00,,,,2,,2,1,,,,,2,,,prepare Breakfast,13
2008-03-20 09:12:00,2008-03-20 09:14:00,,,,2,1,2,1,,,,,1,,,prepare Breakfast,13
2008-03-20 09:12:00,2008-03-20 09:15:00,,,,1,2,2,1,,,,,1,,,prepare Breakfast,13
2008-03-20 09:12:00,2008-03-20 09:42:00,,,,,2,2,1,1,,,,1,,,prepare Breakfast,13
2008-03-20 09:12:00,2008-03-20 09:43:00,,,,,2,1,1,2,,,,1,,,prepare Breakfast,13
2008-03-20 09:13:00,2008-03-20 09:43:00,,,,,2,1,1,3,,,,,,,prepare Breakfast,13
2008-03-20 09:14:00,2008-03-20 09:49:00,,,,,2,,1,4,,,,,,,take shower,5
2008-03-20 09:14:00,2008-03-20 09:57:00,,,,,2,,,4,1,,,,,,take shower,5
2008-03-20 09:14:00,2008-03-20 22:49:00,,,,,1,,,4,2,,,,,,take shower,5
2008-03-20 09:42:00,2008-03-20 22:49:00,,,,,,,,4,3,,,,,,take shower,5
2008-03-20 09:42:00,2008-03-20 22:51:00,,,,,,,,4,3,,,,,,take shower,5
2008-03-20 09:43:00,2008-03-20 22:51:00,,1,,,,,,3,3,,,,,,leave house,1
2008-03-20 09:49:00,2008-03-20 22:52:00,,1,1,,,,,2,3,,,,,,leave house,1
2008-03-20 09:57:00,2008-03-20 22:55:00,,1,2,,,,,1,3,,,,,,use toilet,4
2008-03-20 22:49:00,2008-03-20 22:55:00,,2,2,,,,,1,2,,,,,,use toilet,4
2008-03-20 22:49:00,2008-03-20 22:55:00,,2,2,,,,,2,1,,,,,,use toilet,4
2008-03-20 22:51:00,2008-03-20 23:36:00,,3,2,,,,,2,,,,,,,use toilet,4
2008-03-20 22:51:00,2008-03-20 23:40:00,,3,3,,,,,1,,,,,,,use toilet,4
2008-03-20 22:52:00,2008-03-20 23:40:00,,3,3,,,,,1,,,,,,,use toilet,4
2008-03-20 22:55:00,2008-03-20 23:41:00,,3,2,,,,,2,,,,,,,use toilet,4
2008-03-20 22:55:00,2008-03-20 23:58:00,,4,1,,,,,2,,,,,,,use toilet,4
2008-03-20 22:55:00,2008-03-20 23:58:00,,4,1,,,,,2,,,,,,,use toilet,4
2008-03-20 23:36:00,2008-03-20 23:59:00,,4,2,,,,,1,,,,,,,use toilet,4
2008-03-20 23:40:00,2008-03-20 23:59:00,,4,2,,,,,1,,,,,,,use toilet,4
2008-03-20 23:40:00,2008-03-20 23:59:00,,4,1,,,,,2,,,,,,,use toilet,4
2008-03-20 23:40:00,2008-03-20 23:59:00,,3,2,,,,,2,,,,,,,use toilet,4
2008-03-20 23:58:00,2008-03-20 23:59:00,,4,2,,,,,1,,,,,,,use toilet,4
2008-03-20 23:58:00,2008-03-20 23:59:00,,3,2,,,,,2,,,,,,,use toilet,4
2008-03-20 23:59:00,2008-03-21 00:00:00,1,2,2,,,,,2,,,,,,,go to bed,10
2008-03-20 23:59:00,2008-03-21 03:49:00,2,2,1,,,,,2,,,,,,,go to bed,10
2008-03-20 23:59:00,2008-03-21 03:49:00,3,1,1,,,,,2,,,,,,,go to bed,10
2008-03-20 23:59:00,2008-03-21 03:50:00,3,2,1,,,,,1,,,,,,,go to bed,10
2008-03-20 23:59:00,2008-03-21 03:50:00,4,2,,,,,,1,,,,,,,go to bed,10
2008-03-20 23:59:00,2008-03-21 03:50:00,4,1,1,,,,,1,,,,,,,use toilet,4
2008-03-21 00:00:00,2008-03-21 08:31:00,5,1,1,,,,,,,,,,,,use toilet,4
2008-03-21 03:49:00,2008-03-21 08:31:00,4,2,1,,,,,,,,,,,,use toilet,4
2008-03-21 03:49:00,2008-03-21 08:31:00,3,2,2,,,,,,,,,,,,use toilet,4
2008-03-21 03:49:00,2008-03-21 08:31:00,2,3,2,,,,,,,,,,,,use toilet,4
2008-03-21 03:49:00,2008-03-21 09:13:00,2,3,2,,,,,,,,,,,,use toilet,4
2008-03-21 03:50:00,2008-03-21 09:14:00,1,3,3,,,,,,,,,,,,use toilet,4
2008-03-21 08:30:00,2008-03-21 09:15:00,1,4,2,,,,,,,,,,,,use toilet,4
2008-03-21 08:31:00,2008-03-21 09:17:00,,4,2,,,,,1,,,,,,,use toilet,4
2008-03-21 08:31:00,2008-03-21 09:24:00,,3,2,,,,,2,,,,,,,use toilet,4
2008-03-21 08:31:00,2008-03-21 09:42:00,,3,1,,,,,2,1,,,,,,use toilet,4
2008-03-21 09:13:00,2008-03-21 15:50:00,,2,1,,,,,2,2,,,,,,use toilet,4
2008-03-21 09:14:00,2008-03-21 15:52:00,,2,1,,,,,2,2,,,,,,use toilet,4
2008-03-21 09:14:00,2008-03-21 15:52:00,,2,1,,,,,2,2,,,,,,use toilet,4
2008-03-21 09:17:00,2008-03-21 15:53:00,,2,1,,,,,2,2,,,,,,use toilet,4
2008-03-21 09:24:00,2008-03-21 15:53:00,,2,1,,,,,2,2,,,,,,use toilet,4
2008-03-21 09:42:00,2008-03-21 17:03:00,1,2,1,,,,,1,2,,,,,,use toilet,4
2008-03-21 15:50:00,2008-03-21 17:06:00,2,2,1,,,,,1,1,,,,,,use toilet,4
2008-03-21 15:52:00,2008-03-21 17:08:00,3,2,1,,,,,1,,,,,,,use toilet,4
2008-03-21 15:52:00,2008-03-21 18:05:00,4,1,1,,,,,1,,,,,,,go to bed,10
2008-03-21 15:52:00,2008-03-21 18:24:00,4,1,,,,,,2,,,,,,,go to bed,10
2008-03-21 15:53:00,2008-03-21 18:24:00,4,,,,,,,3,,,,,,,go to bed,10
2008-03-21 17:03:00,2008-03-21 18:24:00,4,,,,,,,3,,,,,,,go to bed,10
2008-03-21 17:06:00,2008-03-21 18:25:00,3,1,,,,,,3,,,,,,,use toilet,4
2008-03-21 17:06:00,2008-03-21 19:11:00,2,1,,,,,,3,1,,,,,,use toilet,4
2008-03-21 18:05:00,2008-03-23 19:04:00,1,1,,,,,,3,2,,,,,,use toilet,4
